{
  "experiment_info": {
    "name": "fl_wesad_c3_run1",
    "dataset": "wesad",
    "method": "fl",
    "seed": 42,
    "timestamp": "2025-11-10T16:43:27.228743"
  },
  "training_metrics": {
    "total_epochs": 40,
    "best_val_acc": 0.8002450980392157,
    "training_time_seconds": 0.6861207485198975
  },
  "test_metrics": {
    "accuracy": 0.8996328029375765,
    "precision": 0.90013419900806,
    "recall": 0.8996328029375765,
    "f1_score": 0.8998591812385475
  },
  "timing": {
    "total_time_seconds": 1.1960933208465576
  }
}