{
  "loss": [
    0.5362273454666138,
    0.44530820846557617,
    0.4338565468788147,
    0.41918790340423584,
    0.41118738055229187,
    0.42111513018608093,
    0.4008829593658447,
    0.41231396794319153,
    0.39608433842658997,
    0.39316728711128235,
    0.4133126139640808,
    0.3887988328933716,
    0.4144839942455292,
    0.4166865646839142,
    0.3786514103412628,
    0.4102996289730072,
    0.386872798204422,
    0.36418434977531433,
    0.40048670768737793,
    0.36083903908729553,
    0.4327337145805359,
    0.36065223813056946,
    0.35521721839904785,
    0.34779319167137146,
    0.3493845760822296
  ],
  "val_loss": [
    0.4355064928531647,
    0.42050808668136597,
    0.4162024259567261,
    0.3944052457809448,
    0.3900231122970581,
    0.3960479497909546,
    0.43277281522750854,
    0.3692439794540405,
    0.37358352541923523,
    0.36305877566337585,
    0.37707090377807617,
    0.37867048382759094,
    0.46142855286598206,
    0.46324291825294495,
    0.4065372943878174,
    0.4749913513660431,
    0.3786269724369049,
    0.42441892623901367,
    0.5093324780464172,
    0.6782097816467285,
    0.4675319790840149,
    0.4882168471813202,
    0.5075992941856384,
    0.5393912196159363,
    0.47327977418899536
  ],
  "accuracy": [
    0.8120715022087097,
    0.8436646461486816,
    0.849628210067749,
    0.8536617159843445,
    0.8562192916870117,
    0.858076810836792,
    0.8603915572166443,
    0.861388087272644,
    0.8625612854957581,
    0.8637880086898804,
    0.8640561103820801,
    0.8643998503684998,
    0.8653711676597595,
    0.8659387826919556,
    0.8675503134727478,
    0.8696317076683044,
    0.8708301186561584,
    0.8713251948356628,
    0.8717793226242065,
    0.8722208738327026,
    0.8744252324104309,
    0.8750402331352234,
    0.8751474618911743,
    0.8751316666603088,
    0.8755258917808533
  ],
  "val_accuracy": [
    0.8449854254722595,
    0.8550822734832764,
    0.8565099835395813,
    0.8570398092269897,
    0.8632068634033203,
    0.8624414801597595,
    0.866489052772522,
    0.8665626645088196,
    0.8660475015640259,
    0.8695358037948608,
    0.8670483827590942,
    0.8696682453155518,
    0.8686820864677429,
    0.8693591356277466,
    0.8697418570518494,
    0.8729357123374939,
    0.8729063272476196,
    0.8706396818161011,
    0.8739218711853027,
    0.870934009552002,
    0.8735392093658447,
    0.8736127614974976,
    0.8738188743591309,
    0.8736274838447571,
    0.8741426467895508
  ]
}