{
  "accuracy": 0.8574225074328103,
  "precision": 0.8486158832864743,
  "recall": 0.8574225074328103,
  "f1_score": 0.8504948372243035,
  "confusion_matrix": [
    [
      41856,
      545,
      619,
      55,
      503
    ],
    [
      821,
      639,
      1512,
      18,
      705
    ],
    [
      433,
      378,
      10518,
      521,
      1106
    ],
    [
      69,
      7,
      718,
      1960,
      17
    ],
    [
      370,
      178,
      1073,
      39,
      3282
    ]
  ],
  "class_names": [
    "W",
    "N1",
    "N2",
    "N3",
    "R"
  ]
}