{
  "accuracy": 0.8701539548438374,
  "precision": 0.8552335529515338,
  "recall": 0.8701539548438374,
  "f1_score": 0.8566918497728263,
  "confusion_matrix": [
    [
      42401,
      279,
      598,
      39,
      261
    ],
    [
      1070,
      464,
      1735,
      20,
      406
    ],
    [
      542,
      203,
      11317,
      479,
      415
    ],
    [
      76,
      1,
      642,
      2047,
      5
    ],
    [
      433,
      202,
      1383,
      33,
      2891
    ]
  ]
}