{
  "experiment_info": {
    "name": "baseline_sleep_edf_run2",
    "dataset": "sleep-edf",
    "method": "baseline",
    "seed": 123,
    "timestamp": "2025-12-04T15:00:51.361909"
  },
  "training_metrics": {
    "total_epochs": 35,
    "best_epoch": 15,
    "epochs_no_improve": 20,
    "best_val_acc": 0.8838559253899341,
    "training_time_seconds": 114.07303500175476,
    "convergence": {
      "early_stopped": true,
      "epochs_without_improvement": 20
    }
  },
  "privacy_metrics": {
    "decentralized": false,
    "formal_privacy": false
  },
  "test_metrics": {
    "accuracy": 0.8857197856844942,
    "precision": 0.8896925712163534,
    "recall": 0.8857197856844942,
    "f1_score": 0.8876232837154122,
    "precision_per_class": [
      0.9738823310716609,
      0.3282873256159098,
      0.7933194154488518,
      0.8235294117647058,
      0.6661717396683989
    ],
    "recall_per_class": [
      0.9656252879918902,
      0.3656198347107438,
      0.7854485324514262,
      0.8102127659574468,
      0.6932783929951069
    ],
    "f1_per_class": [
      0.9697362332253586,
      0.3459493274945261,
      0.7893643539675945,
      0.8168168168168168,
      0.679454820797577
    ],
    "confusion_matrix": [
      [
        41912,
        909,
        193,
        44,
        346
      ],
      [
        595,
        1106,
        819,
        10,
        495
      ],
      [
        329,
        895,
        7600,
        349,
        503
      ],
      [
        26,
        6,
        409,
        1904,
        5
      ],
      [
        174,
        453,
        559,
        5,
        2692
      ]
    ],
    "class_names": [
      "W",
      "N1",
      "N2",
      "N3",
      "R"
    ],
    "class_imbalance": {
      "class_distribution": {
        "W": 43404,
        "N1": 3025,
        "N2": 9676,
        "N3": 2350,
        "R": 3883
      },
      "imbalance_ratio": 18.469787234042553,
      "total_samples": 62338,
      "minority_class": "N3",
      "majority_class": "W"
    }
  },
  "timing": {
    "total_time_seconds": 114.39496970176697
  },
  "hyperparameters": {
    "batch_size": 128,
    "learning_rate": 0.0005,
    "weight_decay": 0.0001,
    "optimizer": "adamw",
    "scheduler": "cosine",
    "label_smoothing": 0.05,
    "dropout": 0.5,
    "hidden_dims": [
      256,
      128
    ]
  },
  "communication": {},
  "model_path": "results/experiments/baseline/sleep-edf/models/baseline_sleep_edf_run2/best_model.pth"
}