{
  "loss": [
    0.911367104909055,
    0.912149942810497,
    0.9179551086751333,
    0.8653372106643823,
    0.853653275503932,
    0.8567566696908306,
    0.8804430853972106,
    0.9114610600260507,
    0.8897176975366837,
    0.8863118098323244,
    0.805052232044499,
    0.8522664895829033,
    0.8753166666836123,
    0.7948485410596472,
    0.8584929207147327,
    0.812949614480299,
    0.791075486479821,
    0.8018562394875783,
    0.8439321164023075,
    0.8198916100007986,
    0.8984443578555833,
    0.8084270509299386,
    0.8018713485738422,
    0.8309820973848958,
    0.8196244238275663,
    0.8981925759827404,
    0.8408145278090179,
    0.7531738683283329,
    0.7233218090475811,
    0.7880382022504031,
    0.7723752583066622,
    0.7979400932264468,
    0.7372554883448689,
    0.7996343395498676,
    0.7800915012820258,
    0.7896030019056748,
    0.8614847604875211,
    0.737475401984376,
    0.7889674673393622,
    0.7343231334516159,
    0.8132520816927331,
    0.7772724641600965,
    0.7496340417769707,
    0.749904738881581
  ],
  "accuracy": [
    0.5089463220675944,
    0.5120967741935484,
    0.4939759036144578,
    0.5317307692307692,
    0.5403472931562819,
    0.54341164453524,
    0.5490605427974948,
    0.5309734513274337,
    0.5862068965517241,
    0.5758176412289395,
    0.615609756097561,
    0.6281512605042017,
    0.5981688708036622,
    0.643574297188755,
    0.6417604912998977,
    0.6499508357915438,
    0.6764091858037579,
    0.6976976976976977,
    0.6710130391173521,
    0.7001897533206831,
    0.6940222897669707,
    0.7201970443349753,
    0.7150050352467271,
    0.7373225152129818,
    0.7286742034943474,
    0.731610337972167,
    0.7131313131313132,
    0.766,
    0.7731629392971247,
    0.7703349282296651,
    0.7698863636363636,
    0.7429130009775171,
    0.7770137524557956,
    0.7697495183044316,
    0.7717622080679406,
    0.7738589211618258,
    0.7620370370370371,
    0.7766179540709812,
    0.784957627118644,
    0.7838405036726128,
    0.7833173537871524,
    0.7803410230692076,
    0.7852998065764023,
    0.7909002904162633
  ],
  "val_loss": [
    1.203865515028877,
    1.3261012885137953,
    1.1996818665210707,
    1.1013959113052625,
    1.1427543113000282,
    1.0962067394819943,
    1.1463738393179979,
    1.0422640807517973,
    1.1202615715783357,
    1.2124050596595313,
    1.2206709379888285,
    1.257730045902075,
    1.3150675226364457,
    1.2997512030199108,
    1.339992458055794,
    1.385042556227511,
    1.4290069781778232,
    1.434224568464585,
    1.4658249753688457,
    1.5124479972360507,
    1.4944073956475479,
    1.4899001352897676,
    1.4994608304671597,
    1.5487499548916073,
    1.583722100227694,
    1.5913203530925235,
    1.626992783465969,
    1.6616118874730943,
    1.7080260982367559,
    1.7097341809343185,
    1.7215485005690578,
    1.6832622072113215,
    1.7431158176957304,
    1.7934942507039646,
    1.8207736306426898,
    1.824920554704304,
    1.8165672571095737,
    1.8209475599512268,
    1.8192762824301982,
    1.8071309886401212,
    1.809653414955622,
    1.8312828807388177,
    1.836750456426717,
    1.8172346193830675
  ],
  "val_accuracy": [
    0.3037974683544304,
    0.3037974683544304,
    0.3037974683544304,
    0.3037974683544304,
    0.3037974683544304,
    0.3628691983122363,
    0.4388185654008439,
    0.43037974683544306,
    0.43037974683544306,
    0.4219409282700422,
    0.43037974683544306,
    0.4345991561181435,
    0.42616033755274263,
    0.5189873417721519,
    0.5611814345991561,
    0.620253164556962,
    0.620253164556962,
    0.6244725738396625,
    0.6413502109704642,
    0.6413502109704642,
    0.6371308016877637,
    0.6329113924050633,
    0.6540084388185654,
    0.6582278481012658,
    0.6244725738396625,
    0.6329113924050633,
    0.6244725738396625,
    0.6160337552742616,
    0.6160337552742616,
    0.6160337552742616,
    0.6160337552742616,
    0.6160337552742616,
    0.6160337552742616,
    0.6160337552742616,
    0.6160337552742616,
    0.6160337552742616,
    0.6160337552742616,
    0.6160337552742616,
    0.6160337552742616,
    0.6160337552742616,
    0.6160337552742616,
    0.6160337552742616,
    0.6160337552742616,
    0.6160337552742616
  ],
  "epsilon": [
    0.7661323535858282,
    0.9512820204360988,
    1.1181610532115434,
    1.268918170985966,
    1.4027183121802689,
    1.5278489553520007,
    1.6437258116158886,
    1.7534848465048922,
    1.8575152192654292,
    1.956755344977742,
    2.051827174099228,
    2.1432626721246386,
    2.2315226089627274,
    2.316915627343417,
    2.3997758079781595,
    2.4803473832482608,
    2.5588319260977967,
    2.6352904719099093,
    2.7101216225753184,
    2.783171852127312,
    2.854753052182158,
    2.924968229403845,
    2.9938743147227327,
    3.061530695893675,
    3.1279994604258836,
    3.1933456626690258,
    3.257637618165109,
    3.3209472288723987,
    3.3833503431425265,
    3.444927155019506,
    3.5057626483330706,
    3.5655571286291234,
    3.6246561069803973,
    3.6832055262414927,
    3.740834462057124,
    3.7978620637589615,
    3.854416242131308,
    3.910042198049709,
    3.9654587288411616,
    4.01987911318563,
    4.074153342761349,
    4.127514570844555,
    4.180792757930201,
    4.233099912494315
  ],
  "epochs": 44,
  "training_time_seconds": 311.62412905693054,
  "final_epsilon": 4.233099912494315
}