{
  "accuracy": 0.7679324894514767,
  "precision": 0.7932188109941948,
  "recall": 0.7679324894514767,
  "f1_score": 0.7745863980610913,
  "confusion_matrix": [
    [
      126,
      38
    ],
    [
      17,
      56
    ]
  ],
  "class_names": [
    "non-stress",
    "stress"
  ],
  "dp_params": {
    "target_epsilon": 10.0,
    "final_epsilon": 4.233099912494315,
    "delta": 1e-05,
    "max_grad_norm": 1.0
  },
  "training_time_seconds": 311.62412905693054,
  "epochs_trained": 44
}