{
  "experiment_info": {
    "name": "baseline_sleep_edf_run3",
    "dataset": "sleep-edf",
    "method": "baseline",
    "seed": 44,
    "timestamp": "2025-11-10T17:01:07.487913"
  },
  "training_metrics": {
    "total_epochs": 40,
    "best_val_acc": 0.8772190013931959,
    "training_time_seconds": 189.18443989753723
  },
  "test_metrics": {
    "accuracy": 0.8901838794414489,
    "precision": 0.879070734031229,
    "recall": 0.8901838794414489,
    "f1_score": 0.8824395203323575
  },
  "timing": {
    "total_time_seconds": 190.00258207321167
  }
}