{
  "experiment_info": {
    "name": "baseline_wesad_run2",
    "dataset": "wesad",
    "method": "baseline",
    "seed": 43,
    "timestamp": "2025-11-10T16:51:47.214199"
  },
  "training_metrics": {
    "total_epochs": 16,
    "best_val_acc": 0.8296568627450981,
    "training_time_seconds": 0.302692174911499
  },
  "test_metrics": {
    "accuracy": 0.8127294981640147,
    "precision": 0.8427546006205376,
    "recall": 0.8127294981640147,
    "f1_score": 0.7843924456524698
  },
  "timing": {
    "total_time_seconds": 0.36426591873168945
  }
}