{
  "experiment_info": {
    "name": "dp_wesad_noise2_0_run2",
    "dataset": "wesad",
    "method": "dp",
    "seed": 123,
    "timestamp": "2025-11-10T16:36:57.043775"
  },
  "training_metrics": {
    "total_epochs": 20,
    "best_val_acc": 0.8541666666666666,
    "training_time_seconds": 2.4775657653808594
  },
  "test_metrics": {
    "accuracy": 0.7894736842105263,
    "precision": 0.8382749326145553,
    "recall": 0.7894736842105263,
    "f1_score": 0.74704590213604
  },
  "timing": {
    "total_time_seconds": 2.603307008743286
  }
}