{
  "accuracy": 0.8869622931098851,
  "precision": 0.8832766553187006,
  "recall": 0.8869622931098851,
  "f1_score": 0.8849689162317151,
  "confusion_matrix": [
    [
      46728,
      536,
      346,
      12,
      93
    ],
    [
      1060,
      1393,
      1045,
      17,
      373
    ],
    [
      248,
      1250,
      10834,
      535,
      594
    ],
    [
      51,
      20,
      759,
      1702,
      14
    ],
    [
      155,
      291,
      712,
      64,
      3489
    ]
  ],
  "class_names": [
    "W",
    "N1",
    "N2",
    "N3",
    "R"
  ]
}