{
  "accuracy": 0.8686821112125048,
  "precision": 0.8532289157506076,
  "recall": 0.8686821112125048,
  "f1_score": 0.8546350442665401,
  "confusion_matrix": [
    [
      42226,
      294,
      597,
      51,
      410
    ],
    [
      960,
      346,
      1706,
      23,
      660
    ],
    [
      493,
      119,
      11158,
      569,
      617
    ],
    [
      69,
      0,
      594,
      2100,
      8
    ],
    [
      362,
      99,
      1253,
      38,
      3190
    ]
  ]
}