{
  "accuracy": 0.8549498101321715,
  "precision": 0.8482651661741906,
  "recall": 0.8549498101321715,
  "f1_score": 0.8507419328364307,
  "confusion_matrix": [
    [
      41866,
      671,
      621,
      88,
      332
    ],
    [
      834,
      871,
      1360,
      18,
      612
    ],
    [
      470,
      668,
      10319,
      482,
      1017
    ],
    [
      62,
      5,
      770,
      1912,
      22
    ],
    [
      464,
      320,
      1003,
      36,
      3119
    ]
  ],
  "class_names": [
    "W",
    "N1",
    "N2",
    "N3",
    "R"
  ]
}