{
  "freq_label": "16hz",
  "data_shape": "(237, 14, 960)",
  "accuracy": 0.759493670886076,
  "precision": 0.7688962144827656,
  "recall": 0.759493670886076,
  "f1_score": 0.7630833901880493,
  "per_class": {
    "non-stress": {
      "precision": 0.8451612903225807,
      "recall": 0.7987804878048781,
      "f1": 0.8213166144200627
    },
    "stress": {
      "precision": 0.5975609756097561,
      "recall": 0.6712328767123288,
      "f1": 0.632258064516129
    }
  },
  "confusion_matrix": [
    [
      131,
      33
    ],
    [
      24,
      49
    ]
  ],
  "train_time_seconds": 8.859693050384521,
  "epochs": 28,
  "model_params": 239298
}