{
  "freq_label": "32hz",
  "data_shape": "(237, 14, 1920)",
  "accuracy": 0.7510548523206751,
  "precision": 0.7540166459075592,
  "recall": 0.7510548523206751,
  "f1_score": 0.7524120339208268,
  "per_class": {
    "non-stress": {
      "precision": 0.8260869565217391,
      "recall": 0.8109756097560976,
      "f1": 0.8184615384615385
    },
    "stress": {
      "precision": 0.5921052631578947,
      "recall": 0.6164383561643836,
      "f1": 0.6040268456375839
    }
  },
  "confusion_matrix": [
    [
      133,
      31
    ],
    [
      28,
      45
    ]
  ],
  "train_time_seconds": 7.182913780212402,
  "epochs": 12,
  "model_params": 454338
}