{
  "freq_label": "4hz",
  "data_shape": "(715, 14, 240)",
  "accuracy": 0.6835443037974683,
  "precision": 0.7003472093608111,
  "recall": 0.6835443037974683,
  "f1_score": 0.6899511337056119,
  "per_class": {
    "non-stress": {
      "precision": 0.7947019867549668,
      "recall": 0.7317073170731707,
      "f1": 0.7619047619047619
    },
    "stress": {
      "precision": 0.4883720930232558,
      "recall": 0.5753424657534246,
      "f1": 0.5283018867924528
    }
  },
  "confusion_matrix": [
    [
      120,
      44
    ],
    [
      31,
      42
    ]
  ],
  "train_time_seconds": 5.279648065567017,
  "epochs": 22,
  "model_params": 170274
}