{
  "freq_label": "16hz",
  "data_shape": "(715, 14, 960)",
  "accuracy": 0.7215189873417721,
  "precision": 0.7635051973755409,
  "recall": 0.7215189873417721,
  "f1_score": 0.7312356639198028,
  "per_class": {
    "non-stress": {
      "precision": 0.8656716417910447,
      "recall": 0.7073170731707317,
      "f1": 0.7785234899328859
    },
    "stress": {
      "precision": 0.5339805825242718,
      "recall": 0.7534246575342466,
      "f1": 0.625
    }
  },
  "confusion_matrix": [
    [
      116,
      48
    ],
    [
      18,
      55
    ]
  ],
  "train_time_seconds": 7.399860858917236,
  "epochs": 21,
  "model_params": 523554
}