{
  "freq_label": "4hz",
  "data_shape": "(237, 14, 240)",
  "accuracy": 0.7426160337552743,
  "precision": 0.7478265040959095,
  "recall": 0.7426160337552743,
  "f1_score": 0.7448852217380769,
  "per_class": {
    "non-stress": {
      "precision": 0.8238993710691824,
      "recall": 0.7987804878048781,
      "f1": 0.8111455108359134
    },
    "stress": {
      "precision": 0.5769230769230769,
      "recall": 0.6164383561643836,
      "f1": 0.5960264900662252
    }
  },
  "confusion_matrix": [
    [
      131,
      33
    ],
    [
      28,
      45
    ]
  ],
  "train_time_seconds": 4.297463893890381,
  "epochs": 18,
  "model_params": 78018
}