{
  "freq_label": "64hz",
  "data_shape": "(237, 14, 3840)",
  "accuracy": 0.7679324894514767,
  "precision": 0.7748626004461288,
  "recall": 0.7679324894514767,
  "f1_score": 0.7707108922410139,
  "per_class": {
    "non-stress": {
      "precision": 0.8471337579617835,
      "recall": 0.8109756097560976,
      "f1": 0.8286604361370716
    },
    "stress": {
      "precision": 0.6125,
      "recall": 0.6712328767123288,
      "f1": 0.6405228758169934
    }
  },
  "confusion_matrix": [
    [
      133,
      31
    ],
    [
      24,
      49
    ]
  ],
  "train_time_seconds": 14.467811822891235,
  "epochs": 15,
  "model_params": 884418
}