{
  "experiment_info": {
    "name": "fl_sleep_edf_c10_run1",
    "dataset": "sleep-edf",
    "method": "fl",
    "seed": 42,
    "timestamp": "2025-12-04T17:49:42.576856"
  },
  "training_metrics": {
    "total_epochs": 40,
    "best_epoch": 35,
    "epochs_no_improve": 1,
    "best_val_acc": 0.8726483357452967,
    "training_time_seconds": 100.63856482505798,
    "convergence": {
      "early_stopped": true,
      "epochs_without_improvement": 1
    }
  },
  "privacy_metrics": {
    "n_clients": 10,
    "total_rounds": 40,
    "local_epochs": 1,
    "decentralized": true,
    "formal_privacy": false
  },
  "test_metrics": {
    "accuracy": 0.8725175655298534,
    "precision": 0.8838514145026359,
    "recall": 0.8725175655298534,
    "f1_score": 0.8776103590459555,
    "precision_per_class": [
      0.9726245722589415,
      0.3021821631878558,
      0.7808970635688932,
      0.7952586206896551,
      0.6548580359468612
    ],
    "recall_per_class": [
      0.956086996590176,
      0.42115702479338846,
      0.7503100454733361,
      0.7851063829787234,
      0.6474375482874066
    ],
    "f1_per_class": [
      0.9642848843964216,
      0.3518850987432675,
      0.7652980551309756,
      0.7901498929336188,
      0.6511266511266511
    ],
    "confusion_matrix": [
      [
        41498,
        1123,
        233,
        91,
        459
      ],
      [
        567,
        1274,
        773,
        10,
        401
      ],
      [
        379,
        1206,
        7260,
        368,
        463
      ],
      [
        55,
        3,
        445,
        1845,
        2
      ],
      [
        167,
        610,
        586,
        6,
        2514
      ]
    ],
    "class_names": [
      "W",
      "N1",
      "N2",
      "N3",
      "R"
    ],
    "class_imbalance": {
      "class_distribution": {
        "W": 43404,
        "N1": 3025,
        "N2": 9676,
        "N3": 2350,
        "R": 3883
      },
      "imbalance_ratio": 18.469787234042553,
      "total_samples": 62338,
      "minority_class": "N3",
      "majority_class": "W"
    }
  },
  "timing": {
    "total_time_seconds": 100.89982414245605
  },
  "hyperparameters": {
    "batch_size": 128,
    "learning_rate": 0.0005,
    "weight_decay": 0.0001,
    "optimizer": "adamw",
    "scheduler": "cosine",
    "label_smoothing": 0.05,
    "dropout": 0.5,
    "hidden_dims": [
      256,
      128
    ],
    "n_clients": 10,
    "local_epochs": 1,
    "aggregation_method": "fedavg"
  },
  "communication": {
    "total_rounds": 40,
    "model_size_bytes": 162836,
    "total_communication_bytes": 65134400,
    "communication_per_round_bytes": 1628360
  },
  "model_path": "results/experiments/fl/sleep-edf/models/fl_sleep_edf_c10_run1/best_model.pth"
}