{
  "experiment_info": {
    "name": "fl_sleep_edf_c5_run2",
    "dataset": "sleep-edf",
    "method": "fl",
    "seed": 123,
    "timestamp": "2025-12-04T17:46:23.309463"
  },
  "training_metrics": {
    "total_epochs": 40,
    "best_epoch": 30,
    "epochs_no_improve": 2,
    "best_val_acc": 0.8749799003055154,
    "training_time_seconds": 98.01237773895264,
    "convergence": {
      "early_stopped": true,
      "epochs_without_improvement": 2
    }
  },
  "privacy_metrics": {
    "n_clients": 5,
    "total_rounds": 40,
    "local_epochs": 1,
    "decentralized": true,
    "formal_privacy": false
  },
  "test_metrics": {
    "accuracy": 0.8772498315634124,
    "precision": 0.8892100119818914,
    "recall": 0.8772498315634124,
    "f1_score": 0.8826149863930999,
    "precision_per_class": [
      0.9760312676586927,
      0.31695156695156695,
      0.7896651331978175,
      0.8077744553609568,
      0.6618759455370651
    ],
    "recall_per_class": [
      0.9550732651368538,
      0.4413223140495868,
      0.7628152128978917,
      0.8046808510638298,
      0.6760236930208602
    ],
    "f1_per_class": [
      0.9654385392892076,
      0.36893740500207267,
      0.7760079903274983,
      0.8062246855681091,
      0.6688750159255956
    ],
    "confusion_matrix": [
      [
        41454,
        1223,
        214,
        70,
        443
      ],
      [
        490,
        1335,
        774,
        10,
        416
      ],
      [
        336,
        1116,
        7381,
        364,
        479
      ],
      [
        39,
        4,
        413,
        1891,
        3
      ],
      [
        153,
        534,
        565,
        6,
        2625
      ]
    ],
    "class_names": [
      "W",
      "N1",
      "N2",
      "N3",
      "R"
    ],
    "class_imbalance": {
      "class_distribution": {
        "W": 43404,
        "N1": 3025,
        "N2": 9676,
        "N3": 2350,
        "R": 3883
      },
      "imbalance_ratio": 18.469787234042553,
      "total_samples": 62338,
      "minority_class": "N3",
      "majority_class": "W"
    }
  },
  "timing": {
    "total_time_seconds": 98.28224086761475
  },
  "hyperparameters": {
    "batch_size": 128,
    "learning_rate": 0.0005,
    "weight_decay": 0.0001,
    "optimizer": "adamw",
    "scheduler": "cosine",
    "label_smoothing": 0.05,
    "dropout": 0.5,
    "hidden_dims": [
      256,
      128
    ],
    "n_clients": 5,
    "local_epochs": 1,
    "aggregation_method": "fedavg"
  },
  "communication": {
    "total_rounds": 40,
    "model_size_bytes": 162836,
    "total_communication_bytes": 32567200,
    "communication_per_round_bytes": 814180
  },
  "model_path": "results/experiments/fl/sleep-edf/models/fl_sleep_edf_c5_run2/best_model.pth"
}