{
  "experiment_info": {
    "name": "dp_sleep_edf_noise0_6_run1",
    "dataset": "sleep-edf",
    "method": "dp",
    "seed": 42,
    "timestamp": "2025-12-04T15:23:06.417808"
  },
  "training_metrics": {
    "total_epochs": 40,
    "best_epoch": 36,
    "epochs_no_improve": 4,
    "best_val_acc": 0.8767004341534008,
    "training_time_seconds": 1205.7628881931305,
    "convergence": {
      "early_stopped": true,
      "epochs_without_improvement": 4
    }
  },
  "privacy_metrics": {
    "final_epsilon": 2.52265271643584,
    "epsilon_history": [
      0.8712950525694371,
      1.0474583893968905,
      1.1629639326767107,
      1.2520597594903162,
      1.3262424212165906,
      1.3907261224409526,
      1.4484739943214453,
      1.5011954514934656,
      1.5500525693736749,
      1.5958469919311624,
      1.6391548741910045,
      1.680403697615027,
      1.7199186862439022,
      1.7579540829665283,
      1.794709875090227,
      1.8303478467995573,
      1.8650000413606347,
      1.898775751800516,
      1.9317757749396343,
      1.9640911299327282,
      1.99576203593438,
      2.026843542169724,
      2.0574012210695205,
      2.08748574130412,
      2.1171028453375995,
      2.1462971002153712,
      2.175123995092039,
      2.203566441657832,
      2.2316671768742045,
      2.259458609135984,
      2.286923052033619,
      2.314117977430765,
      2.341027770127882,
      2.367669103766225,
      2.3940781472677433,
      2.420223426502856,
      2.4461646388751714,
      2.471863543228509,
      2.497366669031648,
      2.52265271643584
    ],
    "delta": "1e-5",
    "noise_multiplier": 0.6
  },
  "test_metrics": {
    "accuracy": 0.8740415156084571,
    "precision": 0.857603488627364,
    "recall": 0.8740415156084571,
    "f1_score": 0.8594160363626081,
    "precision_per_class": [
      0.942526698276244,
      0.34486266531027465,
      0.69549822964087,
      0.8511123787792356,
      0.7156561780506523
    ],
    "recall_per_class": [
      0.9800940005529444,
      0.11206611570247933,
      0.8526250516742455,
      0.6348936170212766,
      0.48029873808910634
    ],
    "f1_per_class": [
      0.9609433237705843,
      0.1691616766467066,
      0.7660878447395302,
      0.7272727272727273,
      0.5748189243334875
    ],
    "confusion_matrix": [
      [
        42540,
        121,
        401,
        68,
        274
      ],
      [
        1167,
        339,
        1280,
        6,
        233
      ],
      [
        798,
        214,
        8250,
        181,
        233
      ],
      [
        72,
        1,
        784,
        1492,
        1
      ],
      [
        557,
        308,
        1147,
        6,
        1865
      ]
    ],
    "class_names": [
      "W",
      "N1",
      "N2",
      "N3",
      "R"
    ],
    "class_imbalance": {
      "class_distribution": {
        "W": 43404,
        "N1": 3025,
        "N2": 9676,
        "N3": 2350,
        "R": 3883
      },
      "imbalance_ratio": 18.469787234042553,
      "total_samples": 62338,
      "minority_class": "N3",
      "majority_class": "W"
    }
  },
  "timing": {
    "total_time_seconds": 1206.9880340099335
  },
  "hyperparameters": {
    "batch_size": 128,
    "learning_rate": 0.0005,
    "weight_decay": 0.0001,
    "optimizer": "adamw",
    "scheduler": "cosine",
    "label_smoothing": 0.05,
    "dropout": 0.5,
    "hidden_dims": [
      256,
      128
    ],
    "noise_multiplier": 0.6,
    "max_grad_norm": 5.0,
    "delta": "1e-5"
  },
  "communication": {},
  "model_path": "results/experiments/dp/sleep-edf/models/dp_sleep_edf_noise0_6_run1/best_model.pth"
}