{
  "experiment_info": {
    "name": "dp_sleep_edf_noise1_0_run2",
    "dataset": "sleep-edf",
    "method": "dp",
    "seed": 123,
    "timestamp": "2025-12-04T16:43:44.546957"
  },
  "training_metrics": {
    "total_epochs": 40,
    "best_epoch": 35,
    "epochs_no_improve": 5,
    "best_val_acc": 0.870992120919762,
    "training_time_seconds": 1299.694373846054,
    "convergence": {
      "early_stopped": true,
      "epochs_without_improvement": 5
    }
  },
  "privacy_metrics": {
    "final_epsilon": 0.6394043186899213,
    "epsilon_history": [
      0.09997248904888646,
      0.1384054524977615,
      0.1685652090946938,
      0.1943737028283865,
      0.21735179284050649,
      0.23831140432887107,
      0.2577196789508374,
      0.27589840674476745,
      0.2930654316763175,
      0.30938066109673495,
      0.32496615249728233,
      0.339917262408186,
      0.3543100172631531,
      0.3682062971289976,
      0.3816572156375254,
      0.39470583867603654,
      0.4073885298257359,
      0.4197362289675848,
      0.43177548134827876,
      0.443529781980931,
      0.4550203878135007,
      0.4662654483872545,
      0.47728045797148533,
      0.4880802550985143,
      0.4986783323772593,
      0.5090858069670924,
      0.5193133249739201,
      0.5293711822838595,
      0.5392674356396802,
      0.5490105323592446,
      0.5586081208238279,
      0.5680664302833162,
      0.5773924523360296,
      0.5865917116359927,
      0.5956694983966149,
      0.6046311984119628,
      0.6134810755629985,
      0.6222240800889594,
      0.630863623173116,
      0.6394043186899213
    ],
    "delta": "1e-5",
    "noise_multiplier": 1.0
  },
  "test_metrics": {
    "accuracy": 0.8676088421187719,
    "precision": 0.8497345079484121,
    "recall": 0.8676088421187719,
    "f1_score": 0.8516531586045583,
    "precision_per_class": [
      0.9391319728492781,
      0.34408602150537637,
      0.6827736370488234,
      0.8430769230769231,
      0.6644493717664449
    ],
    "recall_per_class": [
      0.9786194820753847,
      0.09520661157024793,
      0.8426002480363787,
      0.5829787234042553,
      0.46304403811485967
    ],
    "f1_per_class": [
      0.9584691931898954,
      0.14914552045572244,
      0.7543137345607623,
      0.6893081761006289,
      0.545758081651237
    ],
    "confusion_matrix": [
      [
        42476,
        103,
        407,
        69,
        349
      ],
      [
        1149,
        288,
        1288,
        7,
        293
      ],
      [
        902,
        183,
        8153,
        173,
        265
      ],
      [
        107,
        1,
        871,
        1370,
        1
      ],
      [
        595,
        262,
        1222,
        6,
        1798
      ]
    ],
    "class_names": [
      "W",
      "N1",
      "N2",
      "N3",
      "R"
    ],
    "class_imbalance": {
      "class_distribution": {
        "W": 43404,
        "N1": 3025,
        "N2": 9676,
        "N3": 2350,
        "R": 3883
      },
      "imbalance_ratio": 18.469787234042553,
      "total_samples": 62338,
      "minority_class": "N3",
      "majority_class": "W"
    }
  },
  "timing": {
    "total_time_seconds": 1300.5899991989136
  },
  "hyperparameters": {
    "batch_size": 128,
    "learning_rate": 0.0005,
    "weight_decay": 0.0001,
    "optimizer": "adamw",
    "scheduler": "cosine",
    "label_smoothing": 0.05,
    "dropout": 0.5,
    "hidden_dims": [
      256,
      128
    ],
    "noise_multiplier": 1.0,
    "max_grad_norm": 5.0,
    "delta": "1e-5"
  },
  "communication": {},
  "model_path": "results/experiments/dp/sleep-edf/models/dp_sleep_edf_noise1_0_run2/best_model.pth"
}