{
  "experiment_info": {
    "name": "dp_sleep_edf_noise2_0_run3",
    "dataset": "sleep-edf",
    "method": "dp",
    "seed": 456,
    "timestamp": "2025-12-04T17:37:02.275535"
  },
  "training_metrics": {
    "total_epochs": 40,
    "best_epoch": 37,
    "epochs_no_improve": 3,
    "best_val_acc": 0.8640295867502814,
    "training_time_seconds": 669.6085879802704,
    "convergence": {
      "early_stopped": true,
      "epochs_without_improvement": 3
    }
  },
  "privacy_metrics": {
    "final_epsilon": 0.24387870006097687,
    "epsilon_history": [
      0.041438179228494465,
      0.0558457371542493,
      0.06717439807120602,
      0.07687124884340153,
      0.08550963052872843,
      0.09338786433731848,
      0.10068510412770941,
      0.10751905854730848,
      0.11397209853213705,
      0.12010453556399142,
      0.12596216855062264,
      0.13158072262349613,
      0.13698875780211042,
      0.1422094986232353,
      0.1472621525044151,
      0.1521628292735511,
      0.156925211249312,
      0.16156099273294267,
      0.1660803312556003,
      0.17049203430875964,
      0.17480392118131316,
      0.179022809738359,
      0.18315481001990389,
      0.18720540071489547,
      0.19117946771147193,
      0.19508146667566725,
      0.19891536862803774,
      0.2026848716883844,
      0.20639325945821285,
      0.21004360499551272,
      0.2136387294675499,
      0.21718118993098628,
      0.2206734215305363,
      0.2241175459655697,
      0.2275156801144763,
      0.23086971284951724,
      0.23418143830287358,
      0.23745247478718728,
      0.24068440302135147,
      0.24387870006097687
    ],
    "delta": "1e-5",
    "noise_multiplier": 2.0
  },
  "test_metrics": {
    "accuracy": 0.8608072122942667,
    "precision": 0.842440666626182,
    "recall": 0.8608072122942667,
    "f1_score": 0.8399395116681304,
    "precision_per_class": [
      0.9361514362617482,
      0.4013377926421405,
      0.6585014409221902,
      0.8299319727891157,
      0.6045074518356961
    ],
    "recall_per_class": [
      0.9776057506220625,
      0.03966942148760331,
      0.8501446878875568,
      0.5191489361702127,
      0.4282771053309297
    ],
    "f1_per_class": [
      0.9564296179420715,
      0.07220216606498195,
      0.7421508480692891,
      0.6387434554973822,
      0.5013566475731083
    ],
    "confusion_matrix": [
      [
        42432,
        34,
        440,
        84,
        414
      ],
      [
        1109,
        120,
        1414,
        10,
        372
      ],
      [
        941,
        53,
        8226,
        154,
        302
      ],
      [
        109,
        0,
        1021,
        1220,
        0
      ],
      [
        735,
        92,
        1391,
        2,
        1663
      ]
    ],
    "class_names": [
      "W",
      "N1",
      "N2",
      "N3",
      "R"
    ],
    "class_imbalance": {
      "class_distribution": {
        "W": 43404,
        "N1": 3025,
        "N2": 9676,
        "N3": 2350,
        "R": 3883
      },
      "imbalance_ratio": 18.469787234042553,
      "total_samples": 62338,
      "minority_class": "N3",
      "majority_class": "W"
    }
  },
  "timing": {
    "total_time_seconds": 670.1316237449646
  },
  "hyperparameters": {
    "batch_size": 128,
    "learning_rate": 0.0005,
    "weight_decay": 0.0001,
    "optimizer": "adamw",
    "scheduler": "cosine",
    "label_smoothing": 0.05,
    "dropout": 0.5,
    "hidden_dims": [
      256,
      128
    ],
    "noise_multiplier": 2.0,
    "max_grad_norm": 5.0,
    "delta": "1e-5"
  },
  "communication": {},
  "model_path": "results/experiments/dp/sleep-edf/models/dp_sleep_edf_noise2_0_run3/best_model.pth"
}