{
  "experiment_info": {
    "name": "dp_sleep_edf_noise0_6_run2",
    "dataset": "sleep-edf",
    "method": "dp",
    "seed": 123,
    "timestamp": "2025-12-04T15:42:40.529769"
  },
  "training_metrics": {
    "total_epochs": 40,
    "best_epoch": 36,
    "epochs_no_improve": 4,
    "best_val_acc": 0.8759446856407782,
    "training_time_seconds": 1172.79767203331,
    "convergence": {
      "early_stopped": true,
      "epochs_without_improvement": 4
    }
  },
  "privacy_metrics": {
    "final_epsilon": 2.52265271643584,
    "epsilon_history": [
      0.8712950525694371,
      1.0474583893968905,
      1.1629639326767107,
      1.2520597594903162,
      1.3262424212165906,
      1.3907261224409526,
      1.4484739943214453,
      1.5011954514934656,
      1.5500525693736749,
      1.5958469919311624,
      1.6391548741910045,
      1.680403697615027,
      1.7199186862439022,
      1.7579540829665283,
      1.794709875090227,
      1.8303478467995573,
      1.8650000413606347,
      1.898775751800516,
      1.9317757749396343,
      1.9640911299327282,
      1.99576203593438,
      2.026843542169724,
      2.0574012210695205,
      2.08748574130412,
      2.1171028453375995,
      2.1462971002153712,
      2.175123995092039,
      2.203566441657832,
      2.2316671768742045,
      2.259458609135984,
      2.286923052033619,
      2.314117977430765,
      2.341027770127882,
      2.367669103766225,
      2.3940781472677433,
      2.420223426502856,
      2.4461646388751714,
      2.471863543228509,
      2.497366669031648,
      2.52265271643584
    ],
    "delta": "1e-5",
    "noise_multiplier": 0.6
  },
  "test_metrics": {
    "accuracy": 0.8724373576309795,
    "precision": 0.8560693820198217,
    "recall": 0.8724373576309795,
    "f1_score": 0.8583986204012686,
    "precision_per_class": [
      0.9417783191230207,
      0.344106463878327,
      0.6961420279959031,
      0.8529238038984052,
      0.6972814107274063
    ],
    "recall_per_class": [
      0.9797714496359783,
      0.1196694214876033,
      0.8429102935097148,
      0.614468085106383,
      0.4887973216585115
    ],
    "f1_per_class": [
      0.960399281834709,
      0.1775815550649988,
      0.762528047868362,
      0.7143210487261934,
      0.5747161241483725
    ],
    "confusion_matrix": [
      [
        42526,
        135,
        367,
        66,
        310
      ],
      [
        1167,
        362,
        1231,
        6,
        259
      ],
      [
        858,
        236,
        8156,
        172,
        254
      ],
      [
        92,
        1,
        812,
        1444,
        1
      ],
      [
        512,
        318,
        1150,
        5,
        1898
      ]
    ],
    "class_names": [
      "W",
      "N1",
      "N2",
      "N3",
      "R"
    ],
    "class_imbalance": {
      "class_distribution": {
        "W": 43404,
        "N1": 3025,
        "N2": 9676,
        "N3": 2350,
        "R": 3883
      },
      "imbalance_ratio": 18.469787234042553,
      "total_samples": 62338,
      "minority_class": "N3",
      "majority_class": "W"
    }
  },
  "timing": {
    "total_time_seconds": 1174.108521938324
  },
  "hyperparameters": {
    "batch_size": 128,
    "learning_rate": 0.0005,
    "weight_decay": 0.0001,
    "optimizer": "adamw",
    "scheduler": "cosine",
    "label_smoothing": 0.05,
    "dropout": 0.5,
    "hidden_dims": [
      256,
      128
    ],
    "noise_multiplier": 0.6,
    "max_grad_norm": 5.0,
    "delta": "1e-5"
  },
  "communication": {},
  "model_path": "results/experiments/dp/sleep-edf/models/dp_sleep_edf_noise0_6_run2/best_model.pth"
}