{
  "accuracy": 0.7130801687763713,
  "precision": 0.6950464342703261,
  "recall": 0.7130801687763713,
  "f1_score": 0.6985535763362041,
  "confusion_matrix": [
    [
      140,
      24
    ],
    [
      44,
      29
    ]
  ],
  "class_names": [
    "non-stress",
    "stress"
  ]
}