{
  "loss": [
    1.0882877111434937,
    0.9922035336494446,
    0.9533510804176331,
    0.9269059300422668,
    0.8792127966880798,
    0.8613319993019104,
    0.8525143265724182,
    0.8207999467849731,
    0.8095201253890991,
    0.782203197479248,
    0.7760093808174133,
    0.7458556890487671,
    0.7525138258934021,
    0.7343083024024963,
    0.705397367477417,
    0.6713454127311707,
    0.6733978390693665,
    0.6493059992790222
  ],
  "val_loss": [
    1.3051950931549072,
    1.2225968837738037,
    1.2092233896255493,
    1.3151832818984985,
    1.3561629056930542,
    1.3208051919937134,
    1.2954273223876953,
    1.257008671760559,
    1.3216460943222046,
    1.307675838470459,
    1.3430962562561035,
    1.3523149490356445,
    1.3834158182144165,
    1.4063469171524048,
    1.3797084093093872,
    1.420525074005127,
    1.4007905721664429,
    1.3692349195480347
  ],
  "accuracy": [
    0.4558204710483551,
    0.48106592893600464,
    0.5371668934822083,
    0.5497896075248718,
    0.6072931289672852,
    0.6086956262588501,
    0.5960729122161865,
    0.6381486654281616,
    0.6227208971977234,
    0.6437587738037109,
    0.6381486654281616,
    0.6746143102645874,
    0.6718092560768127,
    0.6774193644523621,
    0.7068723440170288,
    0.7265077233314514,
    0.7138850092887878,
    0.739130437374115
  ],
  "val_accuracy": [
    0.2689075767993927,
    0.3025210201740265,
    0.3025210201740265,
    0.3025210201740265,
    0.3025210201740265,
    0.3025210201740265,
    0.3025210201740265,
    0.28151261806488037,
    0.26050421595573425,
    0.27731093764305115,
    0.3025210201740265,
    0.3025210201740265,
    0.28151261806488037,
    0.28151261806488037,
    0.3025210201740265,
    0.3067227005958557,
    0.31512606143951416,
    0.32773110270500183
  ]
}