{
  "accuracy": 0.3025210084033613,
  "precision": 0.09151896052538662,
  "recall": 0.3025210084033613,
  "f1_score": 0.14052588777446462,
  "confusion_matrix": [
    [
      0,
      123,
      0
    ],
    [
      0,
      72,
      0
    ],
    [
      0,
      43,
      0
    ]
  ]
}