{
  "accuracy": 0.7225869123664302,
  "precision": 0.8264815784144283,
  "recall": 0.7225869123664302,
  "f1_score": 0.7592028202515414,
  "confusion_matrix": [
    [
      35313,
      5068,
      1654,
      478,
      1065
    ],
    [
      198,
      2410,
      786,
      56,
      245
    ],
    [
      311,
      3973,
      7222,
      1213,
      237
    ],
    [
      65,
      40,
      421,
      2241,
      4
    ],
    [
      260,
      1983,
      715,
      76,
      1908
    ]
  ],
  "class_names": [
    "W",
    "N1",
    "N2",
    "N3",
    "R"
  ]
}