{
  "loss": [
    1.4324247494364473,
    1.2648272934316775,
    1.2150666644210246,
    1.1884540012500275,
    1.1678229662164015,
    1.1560829156817156,
    1.1461928919718714,
    1.1397767645697354,
    1.132370329253126,
    1.1251817652580471,
    1.113006976652044,
    1.1092165136755028,
    1.104151009606531,
    1.102715322280917,
    1.100918979524684,
    1.0977047280729855,
    1.09405317104983,
    1.0925663603135833,
    1.0904100662774867,
    1.0847169330084943,
    1.0788944090422548,
    1.0799988890731516,
    1.0807591708982989,
    1.074927155729134
  ],
  "accuracy": [
    0.44528751726617344,
    0.5885478753934165,
    0.6205478501643046,
    0.6391070155852838,
    0.6492049676121276,
    0.6570575286823466,
    0.6643645102083294,
    0.6679028931484039,
    0.6717377181529767,
    0.6749260471658246,
    0.6799624086233105,
    0.6837877727109312,
    0.683901303714356,
    0.6868247270525459,
    0.6875153739900471,
    0.6894296328533495,
    0.6897355358347997,
    0.6929080966527276,
    0.6918863176219039,
    0.6953553205043299,
    0.697903460803421,
    0.6966703879606678,
    0.6978530025796766,
    0.6979539190271654
  ],
  "val_loss": [
    1.2347464317752026,
    1.1889078802133357,
    1.1114302585440161,
    1.100208929782304,
    1.0998133952299505,
    1.0753300958773762,
    1.066964321467247,
    1.0715079828331362,
    1.0603676388536785,
    1.140083988980154,
    1.1058475886493528,
    1.0534115250427643,
    1.063663530437811,
    1.1129293427735867,
    1.0761360852523456,
    1.029232295133365,
    1.032787157339911,
    1.0811813811843043,
    1.0501801342659016,
    1.050591524429287,
    1.107929410431166,
    1.0521471812377592,
    1.0756446465633624,
    1.096147555835197
  ],
  "val_accuracy": [
    0.5813340790674398,
    0.6595331312001413,
    0.6758853139442466,
    0.7086927084866503,
    0.7218657089870772,
    0.7015837037473139,
    0.7183921580171323,
    0.7058373318418651,
    0.7159636160254335,
    0.7065290983485915,
    0.7236024844720497,
    0.7407641812133879,
    0.7307703629566394,
    0.7295045774336935,
    0.7411615789938477,
    0.721497748079244,
    0.7293279561979336,
    0.7255600365017221,
    0.7327867887315651,
    0.739866356598275,
    0.7172882752936328,
    0.7281357628565541,
    0.739189308527862,
    0.7369668246445498
  ],
  "epochs": 24,
  "total_time": 783.6268780231476
}