{
  "loss": [
    0.5439110398292542,
    0.45640453696250916,
    0.4340135455131531,
    0.4168345034122467,
    0.40734434127807617,
    0.4013911783695221,
    0.408171683549881,
    0.39621344208717346,
    0.41370609402656555,
    0.3947642743587494,
    0.383499413728714,
    0.38253945112228394,
    0.37990623712539673,
    0.38229167461395264,
    0.44981980323791504,
    0.4124486744403839,
    0.42687687277793884,
    0.4026819169521332,
    0.3773490786552429,
    0.37006667256355286,
    0.3620971143245697,
    0.36118635535240173,
    0.35526520013809204,
    0.37843239307403564,
    0.3636390268802643,
    0.3544592261314392,
    0.35733798146247864,
    0.34333860874176025,
    0.35849231481552124,
    0.3485361635684967,
    0.34235429763793945,
    0.33895063400268555,
    0.346875935792923,
    0.3361731469631195,
    0.3364104628562927,
    0.3412522077560425
  ],
  "val_loss": [
    0.44794341921806335,
    0.4146799147129059,
    0.39903828501701355,
    0.3990498185157776,
    0.38056010007858276,
    0.3876955211162567,
    0.38346415758132935,
    0.37569764256477356,
    0.4533275067806244,
    0.3956570327281952,
    0.3640201985836029,
    0.3623619079589844,
    0.37535911798477173,
    0.43859267234802246,
    0.3966207802295685,
    0.45834460854530334,
    0.3724465072154999,
    0.39513301849365234,
    0.36644789576530457,
    0.36168861389160156,
    0.3615545928478241,
    0.36589908599853516,
    0.37234997749328613,
    0.3695265054702759,
    0.37269020080566406,
    0.3723662197589874,
    0.37855100631713867,
    0.4006088674068451,
    0.3743758499622345,
    0.41547852754592896,
    0.4058595597743988,
    0.4153585433959961,
    0.40880003571510315,
    0.4437699615955353,
    0.43374037742614746,
    0.4434235095977783
  ],
  "accuracy": [
    0.8092679381370544,
    0.8429740071296692,
    0.8494957089424133,
    0.8531224131584167,
    0.8558124899864197,
    0.8583890199661255,
    0.8596851229667664,
    0.8611137270927429,
    0.862636923789978,
    0.8634726405143738,
    0.8644250631332397,
    0.8653333187103271,
    0.8655698299407959,
    0.8660933375358582,
    0.8672097325325012,
    0.8675913214683533,
    0.8680012822151184,
    0.8712180256843567,
    0.8709530830383301,
    0.8720474243164062,
    0.8722712993621826,
    0.8728011250495911,
    0.8731353878974915,
    0.8738418221473694,
    0.8734665513038635,
    0.8740846514701843,
    0.8759673833847046,
    0.8765823245048523,
    0.8771499991416931,
    0.8767684102058411,
    0.8772256970405579,
    0.8783074021339417,
    0.8782758712768555,
    0.8783861994743347,
    0.8787394165992737,
    0.8788403272628784
  ],
  "val_accuracy": [
    0.8465455770492554,
    0.8534926772117615,
    0.8565835356712341,
    0.8560095429420471,
    0.8627064228057861,
    0.8661800026893616,
    0.8640457987785339,
    0.866489052772522,
    0.8690353631973267,
    0.8691678047180176,
    0.8696976900100708,
    0.8681522607803345,
    0.868387758731842,
    0.8701245188713074,
    0.8718760013580322,
    0.8694916367530823,
    0.8707132339477539,
    0.8738924264907837,
    0.8735686540603638,
    0.8730682134628296,
    0.8737599849700928,
    0.8742898106575012,
    0.873024046421051,
    0.8741868138313293,
    0.8747313618659973,
    0.8745105862617493,
    0.8740837574005127,
    0.8751582503318787,
    0.8757322430610657,
    0.8749668598175049,
    0.8753936886787415,
    0.8756145238876343,
    0.8759824633598328,
    0.8748785853385925,
    0.8753790259361267,
    0.8754967451095581
  ]
}