{
  "accuracy": 0.8745253304288952,
  "precision": 0.8571892419370648,
  "recall": 0.8745253304288952,
  "f1_score": 0.8581908894960284,
  "confusion_matrix": [
    [
      42637,
      118,
      503,
      39,
      281
    ],
    [
      1211,
      304,
      1572,
      17,
      591
    ],
    [
      492,
      169,
      11217,
      420,
      658
    ],
    [
      73,
      0,
      683,
      2012,
      3
    ],
    [
      423,
      107,
      1135,
      30,
      3247
    ]
  ]
}