{
  "experiment_info": {
    "name": "baseline_wesad_run1",
    "dataset": "wesad",
    "method": "baseline",
    "seed": 42,
    "timestamp": "2025-11-10T16:51:46.849422"
  },
  "training_metrics": {
    "total_epochs": 17,
    "best_val_acc": 0.8725490196078431,
    "training_time_seconds": 0.4568519592285156
  },
  "test_metrics": {
    "accuracy": 0.7968176254589964,
    "precision": 0.790607358036391,
    "recall": 0.7968176254589964,
    "f1_score": 0.7829757654621691
  },
  "timing": {
    "total_time_seconds": 1.1632440090179443
  }
}