{
  "accuracy": 0.7070063694267515,
  "precision": 0.6648706973942303,
  "recall": 0.7070063694267515,
  "f1_score": 0.6619628743217032,
  "confusion_matrix": [
    [
      78,
      2,
      3
    ],
    [
      14,
      31,
      2
    ],
    [
      21,
      4,
      2
    ]
  ]
}