{
  "loss": [
    1.1640340089797974,
    1.0466036796569824,
    0.9272274971008301,
    0.8602710962295532,
    0.8438850045204163,
    0.8620733022689819,
    0.7893781065940857,
    0.7473805546760559,
    0.682427167892456,
    0.6569700241088867,
    0.6507890820503235,
    0.6256639957427979,
    0.6150504946708679,
    0.5941232442855835,
    0.6055002808570862,
    0.5805404186248779,
    0.5816166400909424,
    0.5760102868080139
  ],
  "val_loss": [
    1.9207673072814941,
    1.4548938274383545,
    1.3369511365890503,
    2.9685885906219482,
    2.9087603092193604,
    2.7529900074005127,
    2.351585626602173,
    2.9492387771606445,
    2.7322564125061035,
    2.4771738052368164,
    2.727527379989624,
    2.5936079025268555,
    2.8502373695373535,
    3.0007810592651367,
    2.743262529373169,
    2.775528907775879,
    2.417675733566284,
    2.2583413124084473
  ],
  "accuracy": [
    0.4922861158847809,
    0.5315567851066589,
    0.5596072673797607,
    0.5848527550697327,
    0.6072931289672852,
    0.5806451439857483,
    0.6437587738037109,
    0.6647966504096985,
    0.6746143102645874,
    0.7265077233314514,
    0.7208976149559021,
    0.7293127775192261,
    0.7335203289985657,
    0.730715274810791,
    0.7293127775192261,
    0.7419354915618896,
    0.7335203289985657,
    0.7755960822105408
  ],
  "val_accuracy": [
    0.3193277418613434,
    0.3025210201740265,
    0.28151261806488037,
    0.3025210201740265,
    0.3025210201740265,
    0.3025210201740265,
    0.3025210201740265,
    0.3025210201740265,
    0.3025210201740265,
    0.28151261806488037,
    0.24369747936725616,
    0.21848739683628082,
    0.22268907725811005,
    0.19327731430530548,
    0.19327731430530548,
    0.20588235557079315,
    0.19327731430530548,
    0.1974789947271347
  ]
}