{
  "accuracy": 0.2815126050420168,
  "precision": 0.239692390717755,
  "recall": 0.2815126050420168,
  "f1_score": 0.17063585501719375,
  "confusion_matrix": [
    [
      6,
      117,
      0
    ],
    [
      11,
      61,
      0
    ],
    [
      3,
      40,
      0
    ]
  ]
}