{
  "experiment_info": {
    "name": "fl_wesad_c10_run2",
    "dataset": "wesad",
    "method": "fl",
    "seed": 123,
    "timestamp": "2025-11-10T16:37:05.400673"
  },
  "training_metrics": {
    "total_epochs": 40,
    "best_val_acc": 0.83252447850149,
    "training_time_seconds": 0.6971099376678467
  },
  "test_metrics": {
    "accuracy": 0.8115055079559363,
    "precision": 0.8441132187326396,
    "recall": 0.8115055079559363,
    "f1_score": 0.7820213095495538
  },
  "timing": {
    "total_time_seconds": 0.7687711715698242
  }
}