{
  "loss": [
    1.0172878503799438,
    0.9568281769752502,
    0.9145447015762329,
    0.8697286248207092,
    0.8386793732643127,
    0.8168750405311584,
    0.7976148724555969,
    0.748099684715271,
    0.7489072680473328,
    0.7499192953109741,
    0.7085475325584412,
    0.6944333910942078,
    0.673291027545929,
    0.6909376382827759,
    0.6442915797233582,
    0.6355032324790955,
    0.6319187879562378,
    0.6173368692398071,
    0.5892024040222168,
    0.5657541155815125,
    0.5469028353691101,
    0.5525266528129578,
    0.5506452918052673,
    0.5126538872718811,
    0.488878071308136,
    0.4920990765094757,
    0.48258233070373535,
    0.43370160460472107,
    0.4131314754486084,
    0.4278838336467743,
    0.4173939526081085,
    0.38749849796295166,
    0.42621177434921265,
    0.3971596658229828,
    0.39529094099998474,
    0.3601990044116974,
    0.37816593050956726
  ],
  "val_loss": [
    0.9816896319389343,
    0.9326154589653015,
    0.8996894955635071,
    0.8642348051071167,
    0.8394555449485779,
    0.8371307849884033,
    0.8408693671226501,
    0.8110839128494263,
    0.8123738765716553,
    0.8008248209953308,
    0.7845153212547302,
    0.7966825366020203,
    0.7884631752967834,
    0.7633305191993713,
    0.7643184065818787,
    0.7739713191986084,
    0.7517147064208984,
    0.8225740790367126,
    0.7539079785346985,
    0.7302896976470947,
    0.7398001551628113,
    0.7289595007896423,
    0.7334371209144592,
    0.7416130304336548,
    0.7576495409011841,
    0.7739758491516113,
    0.7351618409156799,
    0.7304976582527161,
    0.8826150298118591,
    0.7854188680648804,
    0.8212249875068665,
    0.9153228402137756,
    0.7599766850471497,
    0.8381757736206055,
    0.7855278849601746,
    0.8552859425544739,
    0.8134636878967285
  ],
  "accuracy": [
    0.5170156955718994,
    0.554973840713501,
    0.5863874554634094,
    0.6308900713920593,
    0.6308900713920593,
    0.6335078477859497,
    0.6557591557502747,
    0.6596858501434326,
    0.6727748513221741,
    0.6583769917488098,
    0.6845549941062927,
    0.7107329964637756,
    0.698952853679657,
    0.7094240784645081,
    0.7107329964637756,
    0.7303664684295654,
    0.7342932224273682,
    0.7408376932144165,
    0.746073305606842,
    0.7434554696083069,
    0.7787958383560181,
    0.7748690843582153,
    0.7473822236061096,
    0.7945026159286499,
    0.7840313911437988,
    0.7971203923225403,
    0.7958115339279175,
    0.8089005351066589,
    0.8350785374641418,
    0.8259162306785583,
    0.8272251486778259,
    0.8442408442497253,
    0.8246073126792908,
    0.8298429250717163,
    0.8298429250717163,
    0.8612565398216248,
    0.8442408442497253
  ],
  "val_accuracy": [
    0.522292971611023,
    0.5668789744377136,
    0.5923566818237305,
    0.6114649772644043,
    0.6050955653190613,
    0.6369426846504211,
    0.656050980091095,
    0.656050980091095,
    0.675159215927124,
    0.668789803981781,
    0.6815286874771118,
    0.668789803981781,
    0.675159215927124,
    0.7133758068084717,
    0.675159215927124,
    0.6878980994224548,
    0.6942675113677979,
    0.662420392036438,
    0.6942675113677979,
    0.7006369233131409,
    0.6878980994224548,
    0.7006369233131409,
    0.7006369233131409,
    0.6942675113677979,
    0.6878980994224548,
    0.6878980994224548,
    0.7197452187538147,
    0.7006369233131409,
    0.675159215927124,
    0.7133758068084717,
    0.656050980091095,
    0.656050980091095,
    0.7070063948631287,
    0.675159215927124,
    0.7070063948631287,
    0.6815286874771118,
    0.7006369233131409
  ]
}