{
  "loss": [
    0.7051030993461609,
    0.6171197891235352,
    0.4889107346534729,
    0.3643200397491455,
    0.30393385887145996,
    0.2782422602176666,
    0.24332363903522491,
    0.22268903255462646,
    0.19845332205295563,
    0.19983023405075073,
    0.19924065470695496,
    0.19434475898742676,
    0.18847805261611938,
    0.1813284456729889,
    0.17986942827701569,
    0.17967453598976135,
    0.17985014617443085,
    0.17672833800315857
  ],
  "accuracy": [
    0.5682730674743652,
    0.7289156913757324,
    0.8634538054466248,
    0.9176706671714783,
    0.9467871189117432,
    0.944779098033905,
    0.9728915691375732,
    0.9829317331314087,
    0.9849397540092468,
    0.986947774887085,
    0.9879518151283264,
    0.9889557957649231,
    0.990963876247406,
    0.9969879388809204,
    0.9989959597587585,
    0.9989959597587585,
    0.9979919791221619,
    0.9969879388809204
  ],
  "val_loss": [
    0.707485020160675,
    0.7416204214096069,
    0.8794267177581787,
    1.1180983781814575,
    1.2626498937606812,
    1.4392204284667969,
    1.5490362644195557,
    1.5420846939086914,
    1.6425999402999878,
    1.631496787071228,
    1.6992247104644775,
    1.703485369682312,
    1.7044730186462402,
    1.688563585281372,
    1.6692330837249756,
    1.6701245307922363,
    1.6419309377670288,
    1.6391793489456177
  ],
  "val_accuracy": [
    0.6160337328910828,
    0.5738396644592285,
    0.594936728477478,
    0.5569620132446289,
    0.5864979028701782,
    0.607594907283783,
    0.6202531456947327,
    0.6455696225166321,
    0.649789035320282,
    0.6540084481239319,
    0.6371307969093323,
    0.6371307969093323,
    0.6286919713020325,
    0.6329113841056824,
    0.6329113841056824,
    0.6413502097129822,
    0.6371307969093323,
    0.6371307969093323
  ],
  "epochs": 18,
  "training_time_seconds": 11.040119171142578
}