{
  "loss": [
    1.1710957288742065,
    0.9824777245521545,
    0.9357370734214783,
    0.8405490517616272,
    0.7515661120414734,
    0.5908014178276062,
    0.5017207860946655,
    0.37911275029182434,
    0.455924391746521,
    0.33723926544189453,
    0.24072901904582977,
    0.7103404402732849,
    0.17023825645446777,
    0.17931616306304932,
    0.12446127086877823,
    0.08800787478685379,
    0.04156537726521492,
    0.034532804042100906,
    0.02342882566154003,
    0.024402402341365814
  ],
  "val_loss": [
    2.4714906215667725,
    2.2640602588653564,
    3.205564022064209,
    1.0152702331542969,
    0.9886474013328552,
    3.7630114555358887,
    9.623077392578125,
    12.107820510864258,
    3.5685551166534424,
    7.282199382781982,
    11.136540412902832,
    12.275518417358398,
    4.654942035675049,
    11.740659713745117,
    13.636438369750977,
    12.774467468261719,
    21.612192153930664,
    26.16753578186035,
    25.27328872680664,
    25.98749351501465
  ],
  "accuracy": [
    0.5118880867958069,
    0.5440559387207031,
    0.5832167863845825,
    0.6349650621414185,
    0.6699300408363342,
    0.7174825072288513,
    0.8055943846702576,
    0.8391608595848083,
    0.8629370331764221,
    0.8727272748947144,
    0.9426573514938354,
    0.9622377753257751,
    0.9538461565971375,
    0.9566433429718018,
    0.9706293940544128,
    0.9790209531784058,
    0.9860140085220337,
    0.9874125719070435,
    0.9930070042610168,
    0.9902098178863525
  ],
  "val_accuracy": [
    0.4388185739517212,
    0.4767932593822479,
    0.4810126721858978,
    0.4388185739517212,
    0.5316455960273743,
    0.40506330132484436,
    0.39662447571754456,
    0.40506330132484436,
    0.40084388852119446,
    0.4683544337749481,
    0.4303797483444214,
    0.4599156081676483,
    0.472573846578598,
    0.4261603355407715,
    0.4177215099334717,
    0.4303797483444214,
    0.4345991611480713,
    0.4388185739517212,
    0.4345991611480713,
    0.4345991611480713
  ]
}