{
  "loss": [
    0.7117686867713928,
    0.6329396963119507,
    0.5224453806877136,
    0.44634902477264404,
    0.3229182958602905,
    0.26064079999923706,
    0.25763916969299316,
    0.2323731631040573,
    0.22268334031105042,
    0.20550216734409332,
    0.19942495226860046,
    0.20174793899059296,
    0.19043207168579102,
    0.19196635484695435,
    0.18614792823791504,
    0.189130961894989,
    0.1856686919927597,
    0.1854957938194275,
    0.18400631844997406,
    0.18390479683876038
  ],
  "accuracy": [
    0.5582329034805298,
    0.6897590160369873,
    0.8152610659599304,
    0.8534136414527893,
    0.9277108311653137,
    0.9628514051437378,
    0.9628514051437378,
    0.9759036302566528,
    0.9799196720123291,
    0.9859437942504883,
    0.9899598360061646,
    0.9879518151283264,
    0.9969879388809204,
    0.9919678568840027,
    0.9959839582443237,
    0.9959839582443237,
    0.9929718971252441,
    0.9959839582443237,
    0.9979919791221619,
    0.9979919791221619
  ],
  "val_loss": [
    0.838605523109436,
    0.992900013923645,
    1.1331695318222046,
    1.3560374975204468,
    1.4440689086914062,
    1.6327327489852905,
    1.6982835531234741,
    1.6263172626495361,
    1.672080636024475,
    1.7119290828704834,
    1.7009128332138062,
    1.6899389028549194,
    1.7038801908493042,
    1.6916428804397583,
    1.6976672410964966,
    1.6351649761199951,
    1.6467946767807007,
    1.6326936483383179,
    1.6155171394348145,
    1.605789065361023
  ],
  "val_accuracy": [
    0.39240506291389465,
    0.4472573697566986,
    0.502109706401825,
    0.5485231876373291,
    0.5696202516555786,
    0.6244725584983826,
    0.5907173156738281,
    0.6118143200874329,
    0.5991561412811279,
    0.6202531456947327,
    0.6286919713020325,
    0.6329113841056824,
    0.6202531456947327,
    0.6286919713020325,
    0.6286919713020325,
    0.6244725584983826,
    0.6286919713020325,
    0.6329113841056824,
    0.6329113841056824,
    0.6329113841056824
  ],
  "epochs": 20,
  "training_time_seconds": 12.052477359771729
}