{
  "loss": [
    0.6497246026992798,
    0.5233495235443115,
    0.402603417634964,
    0.2912101447582245,
    0.19797967374324799,
    0.16148509085178375,
    0.09965792298316956,
    0.08015511184930801,
    0.07734283804893494,
    0.08367809653282166,
    0.04383262246847153,
    0.05207522585988045,
    0.022371482104063034,
    0.01726715639233589,
    0.03521469980478287,
    0.025541825219988823,
    0.013204407878220081,
    0.02271532639861107,
    0.012696867808699608,
    0.02627234347164631,
    0.015631508082151413
  ],
  "accuracy": [
    0.559440553188324,
    0.7510489225387573,
    0.8321678042411804,
    0.8993006944656372,
    0.9440559148788452,
    0.9454545378684998,
    0.9692307710647583,
    0.977622389793396,
    0.9790209531784058,
    0.9748252034187317,
    0.9874125719070435,
    0.9860140085220337,
    0.9972028136253357,
    0.9944055676460266,
    0.9902098178863525,
    0.9944055676460266,
    0.9972028136253357,
    0.9930070042610168,
    0.9972028136253357,
    0.9972028136253357,
    0.9958041906356812
  ],
  "val_loss": [
    1.0348148345947266,
    1.3817909955978394,
    1.3037313222885132,
    1.4325765371322632,
    1.9381476640701294,
    1.8247805833816528,
    2.220543146133423,
    2.5316548347473145,
    2.0735371112823486,
    2.5068297386169434,
    2.7620584964752197,
    2.8371949195861816,
    3.0166356563568115,
    3.0954763889312744,
    3.235564708709717,
    3.2224059104919434,
    3.319946527481079,
    3.334183692932129,
    3.4107298851013184,
    3.379915952682495,
    3.3748533725738525
  ],
  "val_accuracy": [
    0.4388185739517212,
    0.4430379867553711,
    0.6455696225166321,
    0.6286919713020325,
    0.6455696225166321,
    0.6286919713020325,
    0.6244725584983826,
    0.6244725584983826,
    0.6371307969093323,
    0.6455696225166321,
    0.6371307969093323,
    0.6413502097129822,
    0.6286919713020325,
    0.6329113841056824,
    0.6329113841056824,
    0.6244725584983826,
    0.6455696225166321,
    0.6413502097129822,
    0.6371307969093323,
    0.6455696225166321,
    0.6371307969093323
  ],
  "epochs": 21,
  "training_time_seconds": 8.785170078277588
}