{
  "accuracy": 0.7088607594936709,
  "precision": 0.7726330594418537,
  "recall": 0.7088607594936709,
  "f1_score": 0.7199814333098026,
  "precision_per_class": {
    "non-stress": 0.8861788617886179,
    "stress": 0.5175438596491229
  },
  "recall_per_class": {
    "non-stress": 0.6646341463414634,
    "stress": 0.8082191780821918
  },
  "f1_per_class": {
    "non-stress": 0.759581881533101,
    "stress": 0.6310160427807486
  },
  "confusion_matrix": [
    [
      109,
      55
    ],
    [
      14,
      59
    ]
  ],
  "class_names": [
    "non-stress",
    "stress"
  ]
}