{
  "accuracy": 0.8185654008438819,
  "precision": 0.841913719640625,
  "recall": 0.8185654008438819,
  "f1_score": 0.8237675475750351,
  "precision_per_class": {
    "non-stress": 0.9230769230769231,
    "stress": 0.6595744680851063
  },
  "recall_per_class": {
    "non-stress": 0.8048780487804879,
    "stress": 0.8493150684931506
  },
  "f1_per_class": {
    "non-stress": 0.8599348534201955,
    "stress": 0.7425149700598802
  },
  "confusion_matrix": [
    [
      132,
      32
    ],
    [
      11,
      62
    ]
  ],
  "class_names": [
    "non-stress",
    "stress"
  ]
}