{
  "accuracy": 0.7763713080168776,
  "precision": 0.7901540834953059,
  "recall": 0.7763713080168776,
  "f1_score": 0.7808988011519656,
  "precision_per_class": {
    "non-stress": 0.8675496688741722,
    "stress": 0.6162790697674418
  },
  "recall_per_class": {
    "non-stress": 0.7987804878048781,
    "stress": 0.726027397260274
  },
  "f1_per_class": {
    "non-stress": 0.8317460317460318,
    "stress": 0.6666666666666666
  },
  "confusion_matrix": [
    [
      131,
      33
    ],
    [
      20,
      53
    ]
  ],
  "class_names": [
    "non-stress",
    "stress"
  ]
}