{
  "accuracy": 0.5232067510548524,
  "precision": 0.5924762367810542,
  "recall": 0.5232067510548524,
  "f1_score": 0.4102053003341616,
  "confusion_matrix": [
    [
      115,
      7,
      0
    ],
    [
      65,
      8,
      0
    ],
    [
      39,
      2,
      1
    ]
  ]
}