{
  "wesad": {
    "rf": {
      "accuracy": 0.9106487148102815,
      "precision": 0.9216271409113886,
      "recall": 0.9106487148102815,
      "f1": 0.9126737047327802,
      "training_time": 0.15262413024902344
    },
    "gb": {
      "accuracy": 0.8800489596083231,
      "precision": 0.8809594123364749,
      "recall": 0.8800489596083231,
      "f1": 0.8804513350559864,
      "training_time": 9.019402265548706
    },
    "svm": {
      "accuracy": 0.824969400244798,
      "precision": 0.8255291310774525,
      "recall": 0.824969400244798,
      "f1": 0.8120752033531693,
      "training_time": 0.06515383720397949
    },
    "mlp": {
      "accuracy": 0.9355365157078743,
      "precision": 0.9363992203734137,
      "recall": 0.9355365157078743,
      "f1": 0.9357554253330854,
      "training_time": 0.6995883782704672
    }
  },
  "sleep-edf": {
    "rf": {
      "accuracy": 0.8633899066380057,
      "precision": 0.8461247703604812,
      "recall": 0.8633899066380057,
      "f1": 0.8454384318059497,
      "training_time": 13.564178943634033
    },
    "gb": {
      "accuracy": 0.8774262889409349,
      "precision": 0.8691860617585081,
      "recall": 0.8774262889409349,
      "f1": 0.8721030464715537,
      "training_time": 1779.86488199234
    },
    "svm": {
      "accuracy": 0.8797683595880522,
      "precision": 0.8676493991575199,
      "recall": 0.8797683595880522,
      "f1": 0.866176586014594,
      "training_time": 371.54314613342285
    },
    "mlp": {
      "accuracy": 0.8836611162800646,
      "precision": 0.8939038611801451,
      "recall": 0.8836611162800646,
      "f1": 0.8882328211010536,
      "training_time": 78.26977101961772
    }
  }
}