{
  "experiment_info": {
    "name": "dp_wesad_noise2_0_run1",
    "dataset": "wesad",
    "method": "dp",
    "seed": 42,
    "timestamp": "2025-12-04T17:37:57.787228"
  },
  "training_metrics": {
    "total_epochs": 29,
    "best_epoch": 9,
    "epochs_no_improve": 20,
    "best_val_acc": 0.7867647058823529,
    "training_time_seconds": 6.116642236709595,
    "convergence": {
      "early_stopped": true,
      "epochs_without_improvement": 20
    }
  },
  "privacy_metrics": {
    "final_epsilon": 2.7537485765743117,
    "epsilon_history": [
      0.5243427182405244,
      0.7141485280275646,
      0.8638966187053503,
      0.9924601260621264,
      1.1073156443834573,
      1.2123483851249035,
      1.3098884997097897,
      1.4014649747484764,
      1.4881459426641643,
      1.5707127928882103,
      1.6497579925409056,
      1.7257431961589869,
      1.7990368548357583,
      1.8699385048281534,
      1.9386956761820824,
      2.0055156349672245,
      2.0705741844061825,
      2.1340218411449383,
      2.195988673127504,
      2.256588150007958,
      2.31591976842961,
      2.374071481931601,
      2.431121466374746,
      2.487139575842185,
      2.542188533588488,
      2.5963249343937997,
      2.649600027605421,
      2.7020604022614907,
      2.7537485765743117
    ],
    "delta": "1e-5",
    "noise_multiplier": 2.0
  },
  "test_metrics": {
    "accuracy": 0.799265605875153,
    "precision": 0.8441163424371079,
    "recall": 0.799265605875153,
    "f1_score": 0.7620090187075491,
    "precision_per_class": [
      0.776566757493188,
      1.0
    ],
    "recall_per_class": [
      1.0,
      0.3360323886639676
    ],
    "f1_per_class": [
      0.8742331288343558,
      0.503030303030303
    ],
    "confusion_matrix": [
      [
        570,
        0
      ],
      [
        164,
        83
      ]
    ],
    "class_names": [
      "non-stress",
      "stress"
    ],
    "class_imbalance": {
      "class_distribution": {
        "non-stress": 570,
        "stress": 247
      },
      "imbalance_ratio": 2.3076923076923075,
      "total_samples": 817,
      "minority_class": "stress",
      "majority_class": "non-stress"
    }
  },
  "timing": {
    "total_time_seconds": 6.2094032764434814
  },
  "hyperparameters": {
    "batch_size": 128,
    "learning_rate": 0.0005,
    "weight_decay": 0.0001,
    "optimizer": "adamw",
    "scheduler": "cosine",
    "label_smoothing": 0.05,
    "dropout": 0.3,
    "hidden_dims": [
      256,
      128
    ],
    "noise_multiplier": 2.0,
    "max_grad_norm": 5.0,
    "delta": "1e-5"
  },
  "communication": {},
  "model_path": "results/experiments/dp/wesad/models/dp_wesad_noise2_0_run1/best_model.pth"
}