{
  "experiment_info": {
    "name": "dp_wesad_noise0_6_run3",
    "dataset": "wesad",
    "method": "dp",
    "seed": 456,
    "timestamp": "2025-12-04T17:37:29.096843"
  },
  "training_metrics": {
    "total_epochs": 22,
    "best_epoch": 2,
    "epochs_no_improve": 20,
    "best_val_acc": 0.7867647058823529,
    "training_time_seconds": 7.908967018127441,
    "convergence": {
      "early_stopped": true,
      "epochs_without_improvement": 20
    }
  },
  "privacy_metrics": {
    "final_epsilon": 22.753195369115744,
    "epsilon_history": [
      6.723937381960464,
      8.279125866682648,
      9.503525401631432,
      10.562441080705307,
      11.517239002128408,
      12.39875489767529,
      13.225068501478884,
      14.007848759529576,
      14.755157749715215,
      15.472829668557349,
      16.16525566865983,
      16.835835727568277,
      17.48726880821726,
      18.12173648526911,
      18.741036641306394,
      19.346666768555153,
      19.939895688816726,
      20.52180478777839,
      21.093327477743916,
      21.6552729922839,
      22.20835371257991,
      22.753195369115744
    ],
    "delta": "1e-5",
    "noise_multiplier": 0.6
  },
  "test_metrics": {
    "accuracy": 0.7858017135862914,
    "precision": 0.8361167473076323,
    "recall": 0.7858017135862914,
    "f1_score": 0.7413010028077063,
    "precision_per_class": [
      0.7651006711409396,
      1.0
    ],
    "recall_per_class": [
      1.0,
      0.291497975708502
    ],
    "f1_per_class": [
      0.8669201520912547,
      0.45141065830721006
    ],
    "confusion_matrix": [
      [
        570,
        0
      ],
      [
        175,
        72
      ]
    ],
    "class_names": [
      "non-stress",
      "stress"
    ],
    "class_imbalance": {
      "class_distribution": {
        "non-stress": 570,
        "stress": 247
      },
      "imbalance_ratio": 2.3076923076923075,
      "total_samples": 817,
      "minority_class": "stress",
      "majority_class": "non-stress"
    }
  },
  "timing": {
    "total_time_seconds": 8.3492910861969
  },
  "hyperparameters": {
    "batch_size": 128,
    "learning_rate": 0.0005,
    "weight_decay": 0.0001,
    "optimizer": "adamw",
    "scheduler": "cosine",
    "label_smoothing": 0.05,
    "dropout": 0.3,
    "hidden_dims": [
      256,
      128
    ],
    "noise_multiplier": 0.6,
    "max_grad_norm": 5.0,
    "delta": "1e-5"
  },
  "communication": {},
  "model_path": "results/experiments/dp/wesad/models/dp_wesad_noise0_6_run3/best_model.pth"
}