{
  "experiment_info": {
    "name": "dp_wesad_noise2_0_run2",
    "dataset": "wesad",
    "method": "dp",
    "seed": 123,
    "timestamp": "2025-12-04T17:38:05.777229"
  },
  "training_metrics": {
    "total_epochs": 36,
    "best_epoch": 16,
    "epochs_no_improve": 20,
    "best_val_acc": 0.8970588235294118,
    "training_time_seconds": 7.870869159698486,
    "convergence": {
      "early_stopped": true,
      "epochs_without_improvement": 20
    }
  },
  "privacy_metrics": {
    "final_epsilon": 3.0968534119618445,
    "epsilon_history": [
      0.5243427182405244,
      0.7141485280275646,
      0.8638966187053503,
      0.9924601260621264,
      1.1073156443834573,
      1.2123483851249035,
      1.3098884997097897,
      1.4014649747484764,
      1.4881459426641643,
      1.5707127928882103,
      1.6497579925409056,
      1.7257431961589869,
      1.7990368548357583,
      1.8699385048281534,
      1.9386956761820824,
      2.0055156349672245,
      2.0705741844061825,
      2.1340218411449383,
      2.195988673127504,
      2.256588150007958,
      2.31591976842961,
      2.374071481931601,
      2.431121466374746,
      2.487139575842185,
      2.542188533588488,
      2.5963249343937997,
      2.649600027605421,
      2.7020604022614907,
      2.7537485765743117,
      2.8047034742568333,
      2.8549608362924013,
      2.904553569326584,
      2.953512072271529,
      3.0018644455881187,
      3.0496368091571053,
      3.0968534119618445
    ],
    "delta": "1e-5",
    "noise_multiplier": 2.0
  },
  "test_metrics": {
    "accuracy": 0.828641370869033,
    "precision": 0.8366056798097296,
    "recall": 0.828641370869033,
    "f1_score": 0.8125230658991053,
    "precision_per_class": [
      0.8180473372781065,
      0.8794326241134752
    ],
    "recall_per_class": [
      0.9701754385964912,
      0.5020242914979757
    ],
    "f1_per_class": [
      0.8876404494382022,
      0.6391752577319587
    ],
    "confusion_matrix": [
      [
        553,
        17
      ],
      [
        123,
        124
      ]
    ],
    "class_names": [
      "non-stress",
      "stress"
    ],
    "class_imbalance": {
      "class_distribution": {
        "non-stress": 570,
        "stress": 247
      },
      "imbalance_ratio": 2.3076923076923075,
      "total_samples": 817,
      "minority_class": "stress",
      "majority_class": "non-stress"
    }
  },
  "timing": {
    "total_time_seconds": 7.989367961883545
  },
  "hyperparameters": {
    "batch_size": 128,
    "learning_rate": 0.0005,
    "weight_decay": 0.0001,
    "optimizer": "adamw",
    "scheduler": "cosine",
    "label_smoothing": 0.05,
    "dropout": 0.3,
    "hidden_dims": [
      256,
      128
    ],
    "noise_multiplier": 2.0,
    "max_grad_norm": 5.0,
    "delta": "1e-5"
  },
  "communication": {},
  "model_path": "results/experiments/dp/wesad/models/dp_wesad_noise2_0_run2/best_model.pth"
}