{
  "experiment_info": {
    "name": "dp_wesad_noise0_6_run2",
    "dataset": "wesad",
    "method": "dp",
    "seed": 123,
    "timestamp": "2025-12-04T17:37:20.744726"
  },
  "training_metrics": {
    "total_epochs": 25,
    "best_epoch": 5,
    "epochs_no_improve": 20,
    "best_val_acc": 0.8872549019607843,
    "training_time_seconds": 9.040080070495605,
    "convergence": {
      "early_stopped": true,
      "epochs_without_improvement": 20
    }
  },
  "privacy_metrics": {
    "final_epsilon": 24.34355259326278,
    "epsilon_history": [
      6.723937381960464,
      8.279125866682648,
      9.503525401631432,
      10.562441080705307,
      11.517239002128408,
      12.39875489767529,
      13.225068501478884,
      14.007848759529576,
      14.755157749715215,
      15.472829668557349,
      16.16525566865983,
      16.835835727568277,
      17.48726880821726,
      18.12173648526911,
      18.741036641306394,
      19.346666768555153,
      19.939895688816726,
      20.52180478777839,
      21.093327477743916,
      21.6552729922839,
      22.20835371257991,
      22.753195369115744,
      23.290353654255288,
      23.82032503246286,
      24.34355259326278
    ],
    "delta": "1e-5",
    "noise_multiplier": 0.6
  },
  "test_metrics": {
    "accuracy": 0.8335373317013464,
    "precision": 0.8474966485982398,
    "recall": 0.8335373317013464,
    "f1_score": 0.8161344163792144,
    "precision_per_class": [
      0.8172514619883041,
      0.9172932330827067
    ],
    "recall_per_class": [
      0.980701754385965,
      0.4939271255060729
    ],
    "f1_per_class": [
      0.8915470494417863,
      0.6421052631578947
    ],
    "confusion_matrix": [
      [
        559,
        11
      ],
      [
        125,
        122
      ]
    ],
    "class_names": [
      "non-stress",
      "stress"
    ],
    "class_imbalance": {
      "class_distribution": {
        "non-stress": 570,
        "stress": 247
      },
      "imbalance_ratio": 2.3076923076923075,
      "total_samples": 817,
      "minority_class": "stress",
      "majority_class": "non-stress"
    }
  },
  "timing": {
    "total_time_seconds": 9.513306856155396
  },
  "hyperparameters": {
    "batch_size": 128,
    "learning_rate": 0.0005,
    "weight_decay": 0.0001,
    "optimizer": "adamw",
    "scheduler": "cosine",
    "label_smoothing": 0.05,
    "dropout": 0.3,
    "hidden_dims": [
      256,
      128
    ],
    "noise_multiplier": 0.6,
    "max_grad_norm": 5.0,
    "delta": "1e-5"
  },
  "communication": {},
  "model_path": "results/experiments/dp/wesad/models/dp_wesad_noise0_6_run2/best_model.pth"
}