{
  "experiment_info": {
    "name": "dp_wesad_noise1_0_run3",
    "dataset": "wesad",
    "method": "dp",
    "seed": 456,
    "timestamp": "2025-12-04T17:37:51.577248"
  },
  "training_metrics": {
    "total_epochs": 23,
    "best_epoch": 3,
    "epochs_no_improve": 20,
    "best_val_acc": 0.7855392156862745,
    "training_time_seconds": 6.416950702667236,
    "convergence": {
      "early_stopped": true,
      "epochs_without_improvement": 20
    }
  },
  "privacy_metrics": {
    "final_epsilon": 7.212598208821028,
    "epsilon_history": [
      1.994925108868052,
      2.4783256928281503,
      2.8671408112224035,
      3.2060733432206567,
      3.51241764115308,
      3.7951936101934667,
      4.05985244633301,
      4.30999999800099,
      4.548173844021283,
      4.776242288994199,
      4.995629393697483,
      5.207450921420571,
      5.412600712851581,
      5.61180826379791,
      5.805678278602328,
      5.994718818127245,
      6.179361627213886,
      6.359977392829629,
      6.5368872204494535,
      6.710371448139648,
      6.880676574313971,
      7.048020781508505,
      7.212598208821028
    ],
    "delta": "1e-5",
    "noise_multiplier": 1.0
  },
  "test_metrics": {
    "accuracy": 0.784577723378213,
    "precision": 0.8354012095517177,
    "recall": 0.784577723378213,
    "f1_score": 0.7393691486472008,
    "precision_per_class": [
      0.7640750670241286,
      1.0
    ],
    "recall_per_class": [
      1.0,
      0.2874493927125506
    ],
    "f1_per_class": [
      0.8662613981762918,
      0.44654088050314467
    ],
    "confusion_matrix": [
      [
        570,
        0
      ],
      [
        176,
        71
      ]
    ],
    "class_names": [
      "non-stress",
      "stress"
    ],
    "class_imbalance": {
      "class_distribution": {
        "non-stress": 570,
        "stress": 247
      },
      "imbalance_ratio": 2.3076923076923075,
      "total_samples": 817,
      "minority_class": "stress",
      "majority_class": "non-stress"
    }
  },
  "timing": {
    "total_time_seconds": 6.676393032073975
  },
  "hyperparameters": {
    "batch_size": 128,
    "learning_rate": 0.0005,
    "weight_decay": 0.0001,
    "optimizer": "adamw",
    "scheduler": "cosine",
    "label_smoothing": 0.05,
    "dropout": 0.3,
    "hidden_dims": [
      256,
      128
    ],
    "noise_multiplier": 1.0,
    "max_grad_norm": 5.0,
    "delta": "1e-5"
  },
  "communication": {},
  "model_path": "results/experiments/dp/wesad/models/dp_wesad_noise1_0_run3/best_model.pth"
}