{
  "loss": [
    0.6253981732699766,
    0.4845237877953005,
    0.4079305620557333,
    0.3353206668512888,
    0.37947651953342926,
    0.32604046231771566,
    0.31574637415897416,
    0.29300629757494334,
    0.27044166522811214,
    0.2539747885192733,
    0.23115793050053607,
    0.2636023056076234,
    0.23941371646750884,
    0.21294802696589965
  ],
  "accuracy": [
    0.5331325301204819,
    0.7158634538152611,
    0.8423694779116466,
    0.9026104417670683,
    0.8504016064257028,
    0.8985943775100401,
    0.8985943775100401,
    0.9106425702811245,
    0.9156626506024096,
    0.9257028112449799,
    0.9407630522088354,
    0.9196787148594378,
    0.9377510040160643,
    0.9477911646586346
  ],
  "val_loss": [
    0.8181790998716395,
    1.0360169315136938,
    1.0096460507891851,
    0.9442997723189084,
    1.0353786507739295,
    0.9318359580975545,
    1.1957419718368143,
    1.3029434022018176,
    1.1362832117558532,
    1.199605788988403,
    1.107219432099459,
    1.131260307780801,
    1.2406519763328858,
    1.1305809131654505
  ],
  "val_accuracy": [
    0.3080168776371308,
    0.6033755274261603,
    0.6075949367088608,
    0.45569620253164556,
    0.5147679324894515,
    0.6371308016877637,
    0.4810126582278481,
    0.35443037974683544,
    0.5991561181434599,
    0.5189873417721519,
    0.620253164556962,
    0.5949367088607594,
    0.5485232067510548,
    0.6033755274261603
  ],
  "epochs": 14,
  "training_time_seconds": 75.22299098968506
}