{
  "loss": [
    0.5874943563258312,
    0.5004845414774485,
    0.4797007360132823,
    0.43588711147806253,
    0.41824303956395653,
    0.385394117200231,
    0.39430448712115307,
    0.3199218181242426,
    0.25515449023151016,
    0.24718308912582665,
    0.2323350957239488,
    0.22431986877717167,
    0.2080313343120866,
    0.20083603215026088,
    0.19484029189649835,
    0.16956304558309684,
    0.20854803022131863,
    0.20154154324627305,
    0.23120949677674166,
    0.1780693000219912,
    0.18286580756964932,
    0.19264426695773879,
    0.18361752938075238,
    0.18781631083852315,
    0.1774297446371561
  ],
  "accuracy": [
    0.5251004016064257,
    0.678714859437751,
    0.7259036144578314,
    0.7901606425702812,
    0.8092369477911646,
    0.8333333333333334,
    0.8624497991967871,
    0.9056224899598394,
    0.9367469879518072,
    0.9447791164658634,
    0.9457831325301205,
    0.9467871485943775,
    0.964859437751004,
    0.963855421686747,
    0.9668674698795181,
    0.9748995983935743,
    0.964859437751004,
    0.9588353413654619,
    0.9457831325301205,
    0.9759036144578314,
    0.9738955823293173,
    0.9748995983935743,
    0.9779116465863453,
    0.9658634538152611,
    0.9759036144578314
  ],
  "val_loss": [
    1.0101012356170622,
    1.2066242835692715,
    1.2268901522652509,
    1.2086772657144924,
    1.2459976850431176,
    1.3036753877305782,
    1.2942242795907999,
    0.9667230980305732,
    1.3609488613997833,
    1.3489317881407115,
    1.3598102768765221,
    1.2423144241928552,
    1.2296502283353845,
    1.2129925828945787,
    1.0074577389387138,
    0.8443110255752435,
    0.6683629119949501,
    0.8519933434981334,
    1.05117398814813,
    1.4690487842519575,
    1.2259964087844397,
    1.5435065659792615,
    1.6772112137154689,
    1.7003040995275924,
    1.4644245216112097
  ],
  "val_accuracy": [
    0.5907172995780591,
    0.5822784810126582,
    0.569620253164557,
    0.5611814345991561,
    0.5569620253164557,
    0.5063291139240507,
    0.2616033755274262,
    0.5907172995780591,
    0.6075949367088608,
    0.5654008438818565,
    0.6286919831223629,
    0.569620253164557,
    0.6455696202531646,
    0.6708860759493671,
    0.7130801687763713,
    0.6962025316455697,
    0.7805907172995781,
    0.7341772151898734,
    0.7046413502109705,
    0.6075949367088608,
    0.6835443037974683,
    0.5738396624472574,
    0.5738396624472574,
    0.5738396624472574,
    0.5864978902953587
  ],
  "epochs": 25,
  "training_time_seconds": 127.43118906021118
}