{
  "accuracy": 0.8945147679324894,
  "precision": 0.9180880988718316,
  "recall": 0.8945147679324894,
  "f1_score": 0.8977154450680718,
  "confusion_matrix": [
    [
      140,
      24
    ],
    [
      1,
      72
    ]
  ],
  "class_names": [
    "non-stress",
    "stress"
  ]
}