{
  "accuracy": 0.9704641350210971,
  "precision": 0.9706145533589814,
  "recall": 0.9704641350210971,
  "f1_score": 0.9705194352738191,
  "confusion_matrix": [
    [
      160,
      4
    ],
    [
      3,
      70
    ]
  ],
  "class_names": [
    "non-stress",
    "stress"
  ]
}