{
  "accuracy": 0.8568926437255306,
  "precision": 0.8489309394810377,
  "recall": 0.8568926437255306,
  "f1_score": 0.8509863711408853,
  "confusion_matrix": [
    [
      41751,
      655,
      658,
      52,
      462
    ],
    [
      780,
      724,
      1654,
      17,
      520
    ],
    [
      463,
      440,
      10717,
      562,
      774
    ],
    [
      66,
      8,
      671,
      2002,
      24
    ],
    [
      294,
      275,
      1310,
      38,
      3025
    ]
  ],
  "class_names": [
    "W",
    "N1",
    "N2",
    "N3",
    "R"
  ]
}