{
  "accuracy": 0.7703776750757999,
  "precision": 0.7404917432919026,
  "recall": 0.7703776750757999,
  "f1_score": 0.7182016210422164,
  "confusion_matrix": [
    [
      40735,
      0,
      2825,
      14,
      4
    ],
    [
      1204,
      0,
      2485,
      6,
      0
    ],
    [
      1878,
      0,
      11021,
      57,
      0
    ],
    [
      265,
      0,
      1927,
      579,
      0
    ],
    [
      2589,
      0,
      2327,
      20,
      6
    ]
  ],
  "class_names": [
    "W",
    "N1",
    "N2",
    "N3",
    "R"
  ]
}