{
  "experiment_info": {
    "name": "dp_fl_wesad_c3_noise1_0_run2",
    "dataset": "wesad",
    "method": "dp_fl",
    "seed": 123,
    "timestamp": "2025-12-05T13:13:03.703608"
  },
  "training_metrics": {
    "total_epochs": 40,
    "best_epoch": 35,
    "epochs_no_improve": 1,
    "best_val_acc": 0.8651960784313726,
    "training_time_seconds": 17.245296239852905,
    "convergence": {
      "early_stopped": true,
      "epochs_without_improvement": 1
    }
  },
  "privacy_metrics": {
    "n_clients": 3,
    "total_rounds": 40,
    "local_epochs": 1,
    "decentralized": true,
    "formal_privacy": true,
    "final_epsilon": 14.883356153924797,
    "epsilon_history": [
      3.3831946263989714,
      4.292527907010986,
      5.015134761028151,
      5.641623585147969,
      6.20670067910427,
      6.7280989694483795,
      7.216342187016111,
      7.678288557298889,
      8.11870527690501,
      8.541066966548572,
      8.947999693628411,
      9.341546110873887,
      9.723332620376773,
      10.09467934349854,
      10.45667561598926,
      10.810232833214206,
      11.156122629408378,
      11.495005471662344,
      11.827451615183131,
      12.153957763209641,
      12.474959569499527,
      12.79084170304357,
      13.101945866229286,
      13.408577232641212,
      13.711009695122648,
      14.00949018983403,
      14.3042423068705,
      14.59546919623147,
      14.883356153924797
    ],
    "delta": 1e-05,
    "noise_multiplier": 1.0,
    "max_grad_norm": 5.0
  },
  "test_metrics": {
    "accuracy": 0.8261933904528764,
    "precision": 0.8525381672248311,
    "recall": 0.8261933904528764,
    "f1_score": 0.8029865852124989,
    "precision_per_class": [
      0.8039772727272727,
      0.9646017699115044
    ],
    "recall_per_class": [
      0.9929824561403509,
      0.44129554655870445
    ],
    "f1_per_class": [
      0.8885400313971743,
      0.6055555555555555
    ],
    "confusion_matrix": [
      [
        566,
        4
      ],
      [
        138,
        109
      ]
    ],
    "class_names": [
      "non-stress",
      "stress"
    ],
    "class_imbalance": {
      "class_distribution": {
        "non-stress": 570,
        "stress": 247
      },
      "imbalance_ratio": 2.3076923076923075,
      "total_samples": 817,
      "minority_class": "stress",
      "majority_class": "non-stress"
    }
  },
  "timing": {
    "total_time_seconds": 17.51473116874695
  },
  "hyperparameters": {
    "batch_size": 128,
    "learning_rate": 0.0005,
    "weight_decay": 0.0001,
    "optimizer": "adamw",
    "scheduler": "cosine",
    "label_smoothing": 0.05,
    "dropout": 0.3,
    "hidden_dims": [
      256,
      128
    ],
    "n_clients": 3,
    "local_epochs": 1,
    "aggregation_method": "fedavg",
    "noise_multiplier": 1.0,
    "max_grad_norm": 5.0,
    "delta": "1e-5"
  },
  "communication": {
    "total_rounds": 40,
    "model_size_bytes": 280072,
    "total_communication_bytes": 33608640
  },
  "model_path": null
}