{
  "experiment_info": {
    "name": "dp_wesad_noise2_0_run3",
    "dataset": "wesad",
    "method": "dp",
    "seed": 456,
    "timestamp": "2025-11-10T16:36:59.242583"
  },
  "training_metrics": {
    "total_epochs": 17,
    "best_val_acc": 0.7855392156862745,
    "training_time_seconds": 2.080907106399536
  },
  "test_metrics": {
    "accuracy": 0.7833537331701347,
    "precision": 0.8346875875595404,
    "recall": 0.7833537331701347,
    "f1_score": 0.7374287037335673
  },
  "timing": {
    "total_time_seconds": 2.198394775390625
  }
}