{
  "loss": [
    0.696425199508667,
    0.5903110504150391,
    0.4772825539112091,
    0.4056535065174103,
    0.3093816936016083,
    0.25055378675460815,
    0.17688767611980438,
    0.1460656225681305,
    0.13158345222473145,
    0.0951450988650322,
    0.07690838724374771,
    0.060866184532642365,
    0.05687354505062103,
    0.05420888587832451,
    0.04173436760902405,
    0.04025932028889656,
    0.04281463474035263,
    0.031721025705337524,
    0.02106841839849949,
    0.03608889505267143,
    0.01950082927942276
  ],
  "accuracy": [
    0.5468531250953674,
    0.6937062740325928,
    0.7944055795669556,
    0.811188817024231,
    0.8615384697914124,
    0.9090909361839294,
    0.9230769276618958,
    0.9510489702224731,
    0.9538461565971375,
    0.9622377753257751,
    0.9734265804290771,
    0.9832167625427246,
    0.9832167625427246,
    0.9818181991577148,
    0.9804195761680603,
    0.9874125719070435,
    0.9874125719070435,
    0.9916083812713623,
    0.9944055676460266,
    0.9930070042610168,
    0.9916083812713623
  ],
  "val_loss": [
    0.7597421407699585,
    0.7725760340690613,
    0.9058957695960999,
    1.0472737550735474,
    1.1511263847351074,
    1.428453803062439,
    1.2097718715667725,
    1.6368436813354492,
    1.6125109195709229,
    1.6849111318588257,
    1.616321086883545,
    1.7491354942321777,
    1.5956199169158936,
    1.942879319190979,
    1.9764337539672852,
    2.0250632762908936,
    2.273113965988159,
    2.3786864280700684,
    2.24396014213562,
    2.2643072605133057,
    2.1572418212890625
  ],
  "val_accuracy": [
    0.5274261832237244,
    0.607594907283783,
    0.6455696225166321,
    0.6666666865348816,
    0.6286919713020325,
    0.6455696225166321,
    0.6244725584983826,
    0.594936728477478,
    0.6202531456947327,
    0.6033755540847778,
    0.6160337328910828,
    0.607594907283783,
    0.6413502097129822,
    0.6202531456947327,
    0.6244725584983826,
    0.6286919713020325,
    0.6286919713020325,
    0.6371307969093323,
    0.6329113841056824,
    0.6329113841056824,
    0.6286919713020325
  ],
  "epochs": 21,
  "training_time_seconds": 6.228916883468628
}