{
  "accuracy": 0.759493670886076,
  "precision": 0.8474923844661177,
  "recall": 0.759493670886076,
  "f1_score": 0.768484726455949,
  "precision_per_class": {
    "non-stress": 0.9734513274336283,
    "stress": 0.5645161290322581
  },
  "recall_per_class": {
    "non-stress": 0.6707317073170732,
    "stress": 0.958904109589041
  },
  "f1_per_class": {
    "non-stress": 0.7942238267148014,
    "stress": 0.7106598984771574
  },
  "confusion_matrix": [
    [
      110,
      54
    ],
    [
      3,
      70
    ]
  ],
  "class_names": [
    "non-stress",
    "stress"
  ]
}