{
  "accuracy": 0.6708860759493671,
  "precision": 0.6471843490721799,
  "recall": 0.6708860759493671,
  "f1_score": 0.6542232199150575,
  "confusion_matrix": [
    [
      135,
      29
    ],
    [
      49,
      24
    ]
  ],
  "class_names": [
    "non-stress",
    "stress"
  ],
  "dp_params": {
    "noise_multiplier": 0.6,
    "max_grad_norm": 1.5,
    "delta": 1e-05,
    "epsilon": 14.44837758620683
  }
}