{
  "accuracy": 0.6835443037974683,
  "precision": 0.6585094429025925,
  "recall": 0.6835443037974683,
  "f1_score": 0.664325189178539,
  "confusion_matrix": [
    [
      138,
      26
    ],
    [
      49,
      24
    ]
  ],
  "class_names": [
    "non-stress",
    "stress"
  ],
  "dp_params": {
    "noise_multiplier": 0.8,
    "max_grad_norm": 1.2,
    "delta": 1e-05,
    "epsilon": 19.661751498484445
  }
}