{
  "experiment_info": {
    "name": "dp_sleep_edf_noise2_0_run1",
    "dataset": "sleep-edf",
    "method": "dp",
    "seed": 42,
    "timestamp": "2025-11-10T01:43:08.177309"
  },
  "training_metrics": {
    "total_epochs": 20,
    "best_val_acc": 0.8480967147543931,
    "training_time_seconds": 153.8219437599182
  },
  "test_metrics": {
    "accuracy": 0.8613300152080741,
    "precision": 0.840494924203789,
    "recall": 0.8613300152080741,
    "f1_score": 0.8429399179006843
  },
  "timing": {
    "total_time_seconds": 154.28826594352722
  }
}