{
  "experiment_info": {
    "name": "dp_fl_sleep_edf_c10_noise1_0_run3",
    "dataset": "sleep-edf",
    "method": "dp_fl",
    "seed": 456,
    "timestamp": "2025-12-05T14:57:27.268111"
  },
  "training_metrics": {
    "total_epochs": 40,
    "best_epoch": 40,
    "epochs_no_improve": 0,
    "best_val_acc": 0.8305193761054832,
    "training_time_seconds": 661.5052452087402,
    "convergence": {
      "early_stopped": false,
      "epochs_without_improvement": 0
    }
  },
  "privacy_metrics": {
    "n_clients": 10,
    "total_rounds": 40,
    "local_epochs": 1,
    "decentralized": true,
    "formal_privacy": true,
    "final_epsilon": 2.3055807354733764,
    "epsilon_history": [
      0.40956640476976214,
      0.5370729764822428,
      0.63861120688514,
      0.7264150188743125,
      0.8052265776872893,
      0.8775222773835745,
      0.9448008439686573,
      1.0080550933053958,
      1.0679847905809927,
      1.1251058437145658,
      1.1798119041745432,
      1.2324117894158728,
      1.2831531203198228,
      1.3322381509088277,
      1.3798346725366069,
      1.426083736147528,
      1.4711053154399556,
      1.5150024480217428,
      1.5578644328718207,
      1.5997692746274355,
      1.6407855780655676,
      1.6809741099589246,
      1.7203889307032039,
      1.7590784806431008,
      1.7970862410803348,
      1.8344515685964182,
      1.871210122684336,
      1.9073943340979524,
      1.9430338961229867,
      1.9781559256472272,
      2.0127854169744626,
      2.046945400408383,
      2.0806571052218055,
      2.11394025115713,
      2.14681312194546,
      2.1792927362177097,
      2.211394945169445,
      2.2431345857024656,
      2.274525523354708,
      2.3055807354733764
    ],
    "delta": 1e-05,
    "noise_multiplier": 1.0,
    "max_grad_norm": 5.0
  },
  "test_metrics": {
    "accuracy": 0.835269017292823,
    "precision": 0.8129182234394287,
    "recall": 0.835269017292823,
    "f1_score": 0.8034816532659709,
    "precision_per_class": [
      0.9226395364036425,
      0.3611111111111111,
      0.6065802007767275,
      0.8643790849673203,
      0.42145964233929434
    ],
    "recall_per_class": [
      0.975739563173901,
      0.012892561983471074,
      0.8555188094253824,
      0.2251063829787234,
      0.22456863250064382
    ],
    "f1_per_class": [
      0.9484469128613979,
      0.024896265560165973,
      0.709857222484243,
      0.3571910871033086,
      0.29301075268817206
    ],
    "confusion_matrix": [
      [
        42351,
        41,
        692,
        15,
        305
      ],
      [
        910,
        39,
        1560,
        7,
        509
      ],
      [
        947,
        8,
        8278,
        61,
        382
      ],
      [
        212,
        0,
        1608,
        529,
        1
      ],
      [
        1482,
        20,
        1509,
        0,
        872
      ]
    ],
    "class_names": [
      "W",
      "N1",
      "N2",
      "N3",
      "R"
    ],
    "class_imbalance": {
      "class_distribution": {
        "W": 43404,
        "N1": 3025,
        "N2": 9676,
        "N3": 2350,
        "R": 3883
      },
      "imbalance_ratio": 18.469787234042553,
      "total_samples": 62338,
      "minority_class": "N3",
      "majority_class": "W"
    }
  },
  "timing": {
    "total_time_seconds": 661.9412181377411
  },
  "hyperparameters": {
    "batch_size": 128,
    "learning_rate": 0.0005,
    "weight_decay": 0.0001,
    "optimizer": "adamw",
    "scheduler": "cosine",
    "label_smoothing": 0.05,
    "dropout": 0.5,
    "hidden_dims": [
      256,
      128
    ],
    "n_clients": 10,
    "local_epochs": 1,
    "aggregation_method": "fedavg",
    "noise_multiplier": 1.0,
    "max_grad_norm": 5.0,
    "delta": "1e-5"
  },
  "communication": {
    "total_rounds": 40,
    "model_size_bytes": 162836,
    "total_communication_bytes": 65134400
  },
  "model_path": null
}