{
  "experiment_info": {
    "name": "dp_fl_sleep_edf_c5_noise0_3_run1",
    "dataset": "sleep-edf",
    "method": "dp_fl",
    "seed": 42,
    "timestamp": "2025-12-05T11:29:26.866484"
  },
  "training_metrics": {
    "total_epochs": 40,
    "best_epoch": 40,
    "epochs_no_improve": 0,
    "best_val_acc": 0.8721016240553144,
    "training_time_seconds": 577.077223777771,
    "convergence": {
      "early_stopped": false,
      "epochs_without_improvement": 0
    }
  },
  "privacy_metrics": {
    "n_clients": 5,
    "total_rounds": 40,
    "local_epochs": 1,
    "decentralized": true,
    "formal_privacy": true,
    "final_epsilon": 106.47484604723147,
    "epsilon_history": [
      20.843125878549642,
      25.937781265679476,
      29.96822818462069,
      33.47078808794097,
      36.64406309612883,
      39.58679935115688,
      42.357006435788385,
      44.991802606676124,
      47.51645200728482,
      49.949886141293725,
      52.305379111794956,
      54.59382926849601,
      56.82388547519979,
      59.0019677939762,
      61.133821199792905,
      63.22405627283843,
      65.27654197940822,
      67.29489040860744,
      69.28180497710521,
      71.2397656826482,
      73.17078937996443,
      75.07721435507216,
      76.96045812531355,
      78.82196866510697,
      80.66338695454013,
      82.48560528100504,
      84.2900808176978,
      86.07746254635425,
      87.84885221980902,
      89.60520535507804,
      91.34696004035648,
      93.07521174467699,
      94.79022211922376,
      96.4927445673493,
      98.18349415350475,
      99.86277362005943,
      101.53105039837513,
      103.18885275152243,
      104.83676144277578,
      106.47484604723147
    ],
    "delta": 1e-05,
    "noise_multiplier": 0.3,
    "max_grad_norm": 5.0
  },
  "test_metrics": {
    "accuracy": 0.8681382142513395,
    "precision": 0.8515647957599942,
    "recall": 0.8681382142513395,
    "f1_score": 0.8531996515913552,
    "precision_per_class": [
      0.9398256714304677,
      0.33620689655172414,
      0.6854007873356227,
      0.8300492610837439,
      0.6935547647291419
    ],
    "recall_per_class": [
      0.978757718182656,
      0.11603305785123967,
      0.8457007027697395,
      0.5736170212765958,
      0.45171259335565284
    ],
    "f1_per_class": [
      0.9588966887118254,
      0.17252396166134185,
      0.7571593800601434,
      0.6784096628082537,
      0.5470991890205864
    ],
    "confusion_matrix": [
      [
        42482,
        140,
        411,
        77,
        294
      ],
      [
        1130,
        351,
        1293,
        7,
        244
      ],
      [
        842,
        229,
        8183,
        186,
        236
      ],
      [
        158,
        1,
        842,
        1348,
        1
      ],
      [
        590,
        323,
        1210,
        6,
        1754
      ]
    ],
    "class_names": [
      "W",
      "N1",
      "N2",
      "N3",
      "R"
    ],
    "class_imbalance": {
      "class_distribution": {
        "W": 43404,
        "N1": 3025,
        "N2": 9676,
        "N3": 2350,
        "R": 3883
      },
      "imbalance_ratio": 18.469787234042553,
      "total_samples": 62338,
      "minority_class": "N3",
      "majority_class": "W"
    }
  },
  "timing": {
    "total_time_seconds": 579.9023721218109
  },
  "hyperparameters": {
    "batch_size": 128,
    "learning_rate": 0.0005,
    "weight_decay": 0.0001,
    "optimizer": "adamw",
    "scheduler": "cosine",
    "label_smoothing": 0.05,
    "dropout": 0.5,
    "hidden_dims": [
      256,
      128
    ],
    "n_clients": 5,
    "local_epochs": 1,
    "aggregation_method": "fedavg",
    "noise_multiplier": 0.3,
    "max_grad_norm": 5.0,
    "delta": "1e-5"
  },
  "communication": {
    "total_rounds": 40,
    "model_size_bytes": 162836,
    "total_communication_bytes": 32567200
  },
  "model_path": null
}