{
  "experiment_info": {
    "name": "dp_fl_sleep_edf_c5_noise1_0_run3",
    "dataset": "sleep-edf",
    "method": "dp_fl",
    "seed": 456,
    "timestamp": "2025-12-05T13:12:28.733740"
  },
  "training_metrics": {
    "total_epochs": 40,
    "best_epoch": 40,
    "epochs_no_improve": 0,
    "best_val_acc": 0.8485769416304872,
    "training_time_seconds": 709.8021078109741,
    "convergence": {
      "early_stopped": false,
      "epochs_without_improvement": 0
    }
  },
  "privacy_metrics": {
    "n_clients": 5,
    "total_rounds": 40,
    "local_epochs": 1,
    "decentralized": true,
    "formal_privacy": true,
    "final_epsilon": 1.5558942757239624,
    "epsilon_history": [
      0.25777607639594136,
      0.3476042983822754,
      0.41867925055143185,
      0.479797884596792,
      0.5344303688583436,
      0.5843880282204905,
      0.6307633076031565,
      0.6742762306627158,
      0.7154318618773582,
      0.7546014545916608,
      0.7920669973152763,
      0.8280492638186353,
      0.8627246491937107,
      0.8962368880177379,
      0.9287050345383224,
      0.9602289857995142,
      0.990893543570157,
      1.0207714467314823,
      1.049925671583001,
      1.0784111047684506,
      1.1062760412448385,
      1.1335631655226928,
      1.1603104479597433,
      1.1865518829158117,
      1.2123179507170105,
      1.2376362220444557,
      1.2625316807972389,
      1.2870270107694883,
      1.3111429976234317,
      1.3348985981389172,
      1.3583112892005182,
      1.3813971140293495,
      1.4041709684463075,
      1.4266465936978854,
      1.4488367514170228,
      1.4707533032120854,
      1.4924073113869871,
      1.5138091149948787,
      1.5349684303729154,
      1.5558942757239624
    ],
    "delta": 1e-05,
    "noise_multiplier": 1.0,
    "max_grad_norm": 5.0
  },
  "test_metrics": {
    "accuracy": 0.853331836119221,
    "precision": 0.8348394154914923,
    "recall": 0.853331836119221,
    "f1_score": 0.831463244669485,
    "precision_per_class": [
      0.9344269524187503,
      0.375886524822695,
      0.641860465116279,
      0.8155172413793104,
      0.5717712914834067
    ],
    "recall_per_class": [
      0.9764077043590452,
      0.05256198347107438,
      0.8557255064076065,
      0.4025531914893617,
      0.36827195467422097
    ],
    "f1_per_class": [
      0.9549561729646905,
      0.09222737819025523,
      0.7335223245924876,
      0.539031339031339,
      0.44799498746867167
    ],
    "confusion_matrix": [
      [
        42380,
        81,
        530,
        76,
        337
      ],
      [
        978,
        159,
        1451,
        11,
        426
      ],
      [
        884,
        78,
        8280,
        126,
        308
      ],
      [
        182,
        0,
        1222,
        946,
        0
      ],
      [
        930,
        105,
        1417,
        1,
        1430
      ]
    ],
    "class_names": [
      "W",
      "N1",
      "N2",
      "N3",
      "R"
    ],
    "class_imbalance": {
      "class_distribution": {
        "W": 43404,
        "N1": 3025,
        "N2": 9676,
        "N3": 2350,
        "R": 3883
      },
      "imbalance_ratio": 18.469787234042553,
      "total_samples": 62338,
      "minority_class": "N3",
      "majority_class": "W"
    }
  },
  "timing": {
    "total_time_seconds": 710.2652108669281
  },
  "hyperparameters": {
    "batch_size": 128,
    "learning_rate": 0.0005,
    "weight_decay": 0.0001,
    "optimizer": "adamw",
    "scheduler": "cosine",
    "label_smoothing": 0.05,
    "dropout": 0.5,
    "hidden_dims": [
      256,
      128
    ],
    "n_clients": 5,
    "local_epochs": 1,
    "aggregation_method": "fedavg",
    "noise_multiplier": 1.0,
    "max_grad_norm": 5.0,
    "delta": "1e-5"
  },
  "communication": {
    "total_rounds": 40,
    "model_size_bytes": 162836,
    "total_communication_bytes": 32567200
  },
  "model_path": null
}