{
  "experiment_info": {
    "name": "dp_fl_sleep_edf_c5_noise0_6_run2",
    "dataset": "sleep-edf",
    "method": "dp_fl",
    "seed": 123,
    "timestamp": "2025-12-05T12:26:39.186185"
  },
  "training_metrics": {
    "total_epochs": 40,
    "best_epoch": 40,
    "epochs_no_improve": 0,
    "best_val_acc": 0.865123010130246,
    "training_time_seconds": 684.1378109455109,
    "convergence": {
      "early_stopped": false,
      "epochs_without_improvement": 0
    }
  },
  "privacy_metrics": {
    "n_clients": 5,
    "total_rounds": 40,
    "local_epochs": 1,
    "decentralized": true,
    "formal_privacy": true,
    "final_epsilon": 6.119670844654132,
    "epsilon_history": [
      2.112863130437719,
      2.425939913564306,
      2.6433050301716294,
      2.821119752528444,
      2.9769538959750617,
      3.1186056169118936,
      3.2502106932782873,
      3.3742408991576816,
      3.49230128627359,
      3.6054838689672515,
      3.7145750243858062,
      3.8201518212549184,
      3.92267270956975,
      4.022494978713254,
      4.119900119644425,
      4.2151230243837245,
      4.3083624191877545,
      4.399778823890708,
      4.489510381347758,
      4.577679509034021,
      4.664404729536055,
      4.749768349559595,
      4.833850539435303,
      4.9167426811951795,
      4.998488950284907,
      5.079171382710655,
      5.1588232895217025,
      5.2375158285803485,
      5.315274316514702,
      5.392157123861204,
      5.468194973680154,
      5.54341805543647,
      5.617874260226302,
      5.691583166427283,
      5.76457074521571,
      5.836874992923093,
      5.908516001751896,
      5.9795136226440855,
      6.049889249718108,
      6.119670844654132
    ],
    "delta": 1e-05,
    "noise_multiplier": 0.6,
    "max_grad_norm": 5.0
  },
  "test_metrics": {
    "accuracy": 0.8623953286919696,
    "precision": 0.8447067061180914,
    "recall": 0.8623953286919696,
    "f1_score": 0.8456379543355288,
    "precision_per_class": [
      0.9389962759354495,
      0.34577114427860695,
      0.6680221210149642,
      0.8283151825752723,
      0.6296296296296297
    ],
    "recall_per_class": [
      0.9759469173348079,
      0.09190082644628099,
      0.8489045059942125,
      0.5502127659574468,
      0.4159155292299768
    ],
    "f1_per_class": [
      0.9571150978354196,
      0.1452076260120136,
      0.7476788640087384,
      0.6612119662490412,
      0.5009305210918115
    ],
    "confusion_matrix": [
      [
        42360,
        106,
        483,
        81,
        374
      ],
      [
        1053,
        278,
        1368,
        7,
        319
      ],
      [
        861,
        169,
        8214,
        176,
        256
      ],
      [
        120,
        0,
        936,
        1293,
        1
      ],
      [
        718,
        251,
        1295,
        4,
        1615
      ]
    ],
    "class_names": [
      "W",
      "N1",
      "N2",
      "N3",
      "R"
    ],
    "class_imbalance": {
      "class_distribution": {
        "W": 43404,
        "N1": 3025,
        "N2": 9676,
        "N3": 2350,
        "R": 3883
      },
      "imbalance_ratio": 18.469787234042553,
      "total_samples": 62338,
      "minority_class": "N3",
      "majority_class": "W"
    }
  },
  "timing": {
    "total_time_seconds": 684.705803155899
  },
  "hyperparameters": {
    "batch_size": 128,
    "learning_rate": 0.0005,
    "weight_decay": 0.0001,
    "optimizer": "adamw",
    "scheduler": "cosine",
    "label_smoothing": 0.05,
    "dropout": 0.5,
    "hidden_dims": [
      256,
      128
    ],
    "n_clients": 5,
    "local_epochs": 1,
    "aggregation_method": "fedavg",
    "noise_multiplier": 0.6,
    "max_grad_norm": 5.0,
    "delta": "1e-5"
  },
  "communication": {
    "total_rounds": 40,
    "model_size_bytes": 162836,
    "total_communication_bytes": 32567200
  },
  "model_path": null
}