{
  "experiment_info": {
    "name": "dp_fl_sleep_edf_c3_noise1_0_run2",
    "dataset": "sleep-edf",
    "method": "dp_fl",
    "seed": 123,
    "timestamp": "2025-12-05T13:39:28.571554"
  },
  "training_metrics": {
    "total_epochs": 40,
    "best_epoch": 40,
    "epochs_no_improve": 0,
    "best_val_acc": 0.8631130406817817,
    "training_time_seconds": 737.2763397693634,
    "convergence": {
      "early_stopped": false,
      "epochs_without_improvement": 0
    }
  },
  "privacy_metrics": {
    "n_clients": 3,
    "total_rounds": 40,
    "local_epochs": 1,
    "decentralized": true,
    "formal_privacy": true,
    "final_epsilon": 1.1693420947027025,
    "epsilon_history": [
      0.187173409137395,
      0.2561200729587466,
      0.3104621199904443,
      0.35706718518915165,
      0.3986457106907365,
      0.4366126619248838,
      0.4718158680310984,
      0.5048154517366896,
      0.5360025209624636,
      0.5656639843435679,
      0.5940178053414803,
      0.6212340003353695,
      0.6474483976728335,
      0.6727720272658899,
      0.6972960828954518,
      0.7210975375593274,
      0.7442413678661252,
      0.7667835891309942,
      0.788772238465553,
      0.8102496661906161,
      0.8312528104634198,
      0.851814253997722,
      0.8719631908785848,
      0.8917256689094725,
      0.911124961941104,
      0.9301822220850776,
      0.9489164802806169,
      0.9673451646583966,
      0.9854841139866187,
      1.0033478995200953,
      1.0209498569066415,
      1.0383022162998579,
      1.0554163761636155,
      1.072302900236979,
      1.0889714554745709,
      1.105431105239293,
      1.1216903564213108,
      1.13775710223896,
      1.1536386817444941,
      1.1693420947027025
    ],
    "delta": 1e-05,
    "noise_multiplier": 1.0,
    "max_grad_norm": 5.0
  },
  "test_metrics": {
    "accuracy": 0.8606307549167442,
    "precision": 0.8424856075908173,
    "recall": 0.8606307549167442,
    "f1_score": 0.8421276537967557,
    "precision_per_class": [
      0.9383837936078727,
      0.36981132075471695,
      0.6619718309859155,
      0.8197164078325456,
      0.6023706896551724
    ],
    "recall_per_class": [
      0.9754400516081467,
      0.06479338842975206,
      0.8500413393964448,
      0.516595744680851,
      0.4318825650270409
    ],
    "f1_per_class": [
      0.9565531732224758,
      0.11026722925457103,
      0.7443102122075924,
      0.6337770817019055,
      0.5030748462576872
    ],
    "confusion_matrix": [
      [
        42338,
        76,
        500,
        77,
        413
      ],
      [
        1048,
        196,
        1382,
        8,
        391
      ],
      [
        870,
        101,
        8225,
        178,
        302
      ],
      [
        127,
        0,
        1008,
        1214,
        1
      ],
      [
        735,
        157,
        1310,
        4,
        1677
      ]
    ],
    "class_names": [
      "W",
      "N1",
      "N2",
      "N3",
      "R"
    ],
    "class_imbalance": {
      "class_distribution": {
        "W": 43404,
        "N1": 3025,
        "N2": 9676,
        "N3": 2350,
        "R": 3883
      },
      "imbalance_ratio": 18.469787234042553,
      "total_samples": 62338,
      "minority_class": "N3",
      "majority_class": "W"
    }
  },
  "timing": {
    "total_time_seconds": 737.7965672016144
  },
  "hyperparameters": {
    "batch_size": 128,
    "learning_rate": 0.0005,
    "weight_decay": 0.0001,
    "optimizer": "adamw",
    "scheduler": "cosine",
    "label_smoothing": 0.05,
    "dropout": 0.5,
    "hidden_dims": [
      256,
      128
    ],
    "n_clients": 3,
    "local_epochs": 1,
    "aggregation_method": "fedavg",
    "noise_multiplier": 1.0,
    "max_grad_norm": 5.0,
    "delta": "1e-5"
  },
  "communication": {
    "total_rounds": 40,
    "model_size_bytes": 162836,
    "total_communication_bytes": 19540320
  },
  "model_path": null
}