{
  "experiment_info": {
    "name": "dp_fl_sleep_edf_c5_noise0_3_run2",
    "dataset": "sleep-edf",
    "method": "dp_fl",
    "seed": 123,
    "timestamp": "2025-12-05T11:44:18.055863"
  },
  "training_metrics": {
    "total_epochs": 40,
    "best_epoch": 40,
    "epochs_no_improve": 0,
    "best_val_acc": 0.872519697700595,
    "training_time_seconds": 887.4280602931976,
    "convergence": {
      "early_stopped": false,
      "epochs_without_improvement": 0
    }
  },
  "privacy_metrics": {
    "n_clients": 5,
    "total_rounds": 40,
    "local_epochs": 1,
    "decentralized": true,
    "formal_privacy": true,
    "final_epsilon": 106.47484604723147,
    "epsilon_history": [
      20.843125878549642,
      25.937781265679476,
      29.96822818462069,
      33.47078808794097,
      36.64406309612883,
      39.58679935115688,
      42.357006435788385,
      44.991802606676124,
      47.51645200728482,
      49.949886141293725,
      52.305379111794956,
      54.59382926849601,
      56.82388547519979,
      59.0019677939762,
      61.133821199792905,
      63.22405627283843,
      65.27654197940822,
      67.29489040860744,
      69.28180497710521,
      71.2397656826482,
      73.17078937996443,
      75.07721435507216,
      76.96045812531355,
      78.82196866510697,
      80.66338695454013,
      82.48560528100504,
      84.2900808176978,
      86.07746254635425,
      87.84885221980902,
      89.60520535507804,
      91.34696004035648,
      93.07521174467699,
      94.79022211922376,
      96.4927445673493,
      98.18349415350475,
      99.86277362005943,
      101.53105039837513,
      103.18885275152243,
      104.83676144277578,
      106.47484604723147
    ],
    "delta": 1e-05,
    "noise_multiplier": 0.3,
    "max_grad_norm": 5.0
  },
  "test_metrics": {
    "accuracy": 0.8688600853412044,
    "precision": 0.852575449292168,
    "recall": 0.8688600853412044,
    "f1_score": 0.8545050207612578,
    "precision_per_class": [
      0.9405537098560355,
      0.3339301700984781,
      0.6889001179046657,
      0.8400954653937948,
      0.6886156287187624
    ],
    "recall_per_class": [
      0.978389088563266,
      0.12330578512396695,
      0.8453906572964035,
      0.5991489361702128,
      0.4470770023177955
    ],
    "f1_per_class": [
      0.9590984032341848,
      0.18010622887493966,
      0.7591647331786543,
      0.6994535519125683,
      0.5421611492816989
    ],
    "confusion_matrix": [
      [
        42466,
        140,
        420,
        73,
        305
      ],
      [
        1136,
        373,
        1269,
        7,
        240
      ],
      [
        818,
        258,
        8180,
        182,
        238
      ],
      [
        116,
        1,
        823,
        1408,
        2
      ],
      [
        614,
        345,
        1182,
        6,
        1736
      ]
    ],
    "class_names": [
      "W",
      "N1",
      "N2",
      "N3",
      "R"
    ],
    "class_imbalance": {
      "class_distribution": {
        "W": 43404,
        "N1": 3025,
        "N2": 9676,
        "N3": 2350,
        "R": 3883
      },
      "imbalance_ratio": 18.469787234042553,
      "total_samples": 62338,
      "minority_class": "N3",
      "majority_class": "W"
    }
  },
  "timing": {
    "total_time_seconds": 891.1868460178375
  },
  "hyperparameters": {
    "batch_size": 128,
    "learning_rate": 0.0005,
    "weight_decay": 0.0001,
    "optimizer": "adamw",
    "scheduler": "cosine",
    "label_smoothing": 0.05,
    "dropout": 0.5,
    "hidden_dims": [
      256,
      128
    ],
    "n_clients": 5,
    "local_epochs": 1,
    "aggregation_method": "fedavg",
    "noise_multiplier": 0.3,
    "max_grad_norm": 5.0,
    "delta": "1e-5"
  },
  "communication": {
    "total_rounds": 40,
    "model_size_bytes": 162836,
    "total_communication_bytes": 32567200
  },
  "model_path": null
}