{
  "experiment_info": {
    "name": "dp_fl_sleep_edf_c5_noise0_6_run3",
    "dataset": "sleep-edf",
    "method": "dp_fl",
    "seed": 456,
    "timestamp": "2025-12-05T12:38:44.050734"
  },
  "training_metrics": {
    "total_epochs": 40,
    "best_epoch": 40,
    "epochs_no_improve": 0,
    "best_val_acc": 0.8653642064640618,
    "training_time_seconds": 724.3535928726196,
    "convergence": {
      "early_stopped": false,
      "epochs_without_improvement": 0
    }
  },
  "privacy_metrics": {
    "n_clients": 5,
    "total_rounds": 40,
    "local_epochs": 1,
    "decentralized": true,
    "formal_privacy": true,
    "final_epsilon": 6.119670844654132,
    "epsilon_history": [
      2.112863130437719,
      2.425939913564306,
      2.6433050301716294,
      2.821119752528444,
      2.9769538959750617,
      3.1186056169118936,
      3.2502106932782873,
      3.3742408991576816,
      3.49230128627359,
      3.6054838689672515,
      3.7145750243858062,
      3.8201518212549184,
      3.92267270956975,
      4.022494978713254,
      4.119900119644425,
      4.2151230243837245,
      4.3083624191877545,
      4.399778823890708,
      4.489510381347758,
      4.577679509034021,
      4.664404729536055,
      4.749768349559595,
      4.833850539435303,
      4.9167426811951795,
      4.998488950284907,
      5.079171382710655,
      5.1588232895217025,
      5.2375158285803485,
      5.315274316514702,
      5.392157123861204,
      5.468194973680154,
      5.54341805543647,
      5.617874260226302,
      5.691583166427283,
      5.76457074521571,
      5.836874992923093,
      5.908516001751896,
      5.9795136226440855,
      6.049889249718108,
      6.119670844654132
    ],
    "delta": 1e-05,
    "noise_multiplier": 0.6,
    "max_grad_norm": 5.0
  },
  "test_metrics": {
    "accuracy": 0.8624915781706183,
    "precision": 0.8448696074724676,
    "recall": 0.8624915781706183,
    "f1_score": 0.8442578622219751,
    "precision_per_class": [
      0.937430981933831,
      0.35526315789473684,
      0.6621990369181381,
      0.8257065948855989,
      0.6584362139917695
    ],
    "recall_per_class": [
      0.9779052621878168,
      0.0803305785123967,
      0.8527284001653576,
      0.522127659574468,
      0.41205253669842906
    ],
    "f1_per_class": [
      0.9572404772107079,
      0.1310326233486115,
      0.7454824719913263,
      0.6397288842544318,
      0.5068905433233011
    ],
    "confusion_matrix": [
      [
        42445,
        98,
        463,
        84,
        314
      ],
      [
        1077,
        243,
        1405,
        7,
        293
      ],
      [
        903,
        135,
        8251,
        164,
        223
      ],
      [
        141,
        0,
        982,
        1227,
        0
      ],
      [
        712,
        208,
        1359,
        4,
        1600
      ]
    ],
    "class_names": [
      "W",
      "N1",
      "N2",
      "N3",
      "R"
    ],
    "class_imbalance": {
      "class_distribution": {
        "W": 43404,
        "N1": 3025,
        "N2": 9676,
        "N3": 2350,
        "R": 3883
      },
      "imbalance_ratio": 18.469787234042553,
      "total_samples": 62338,
      "minority_class": "N3",
      "majority_class": "W"
    }
  },
  "timing": {
    "total_time_seconds": 724.8615391254425
  },
  "hyperparameters": {
    "batch_size": 128,
    "learning_rate": 0.0005,
    "weight_decay": 0.0001,
    "optimizer": "adamw",
    "scheduler": "cosine",
    "label_smoothing": 0.05,
    "dropout": 0.5,
    "hidden_dims": [
      256,
      128
    ],
    "n_clients": 5,
    "local_epochs": 1,
    "aggregation_method": "fedavg",
    "noise_multiplier": 0.6,
    "max_grad_norm": 5.0,
    "delta": "1e-5"
  },
  "communication": {
    "total_rounds": 40,
    "model_size_bytes": 162836,
    "total_communication_bytes": 32567200
  },
  "model_path": null
}