{
  "experiment_info": {
    "name": "dp_fl_sleep_edf_c10_noise1_0_run1",
    "dataset": "sleep-edf",
    "method": "dp_fl",
    "seed": 42,
    "timestamp": "2025-12-05T14:35:28.083098"
  },
  "training_metrics": {
    "total_epochs": 40,
    "best_epoch": 40,
    "epochs_no_improve": 0,
    "best_val_acc": 0.8256954494291687,
    "training_time_seconds": 660.1099488735199,
    "convergence": {
      "early_stopped": false,
      "epochs_without_improvement": 0
    }
  },
  "privacy_metrics": {
    "n_clients": 10,
    "total_rounds": 40,
    "local_epochs": 1,
    "decentralized": true,
    "formal_privacy": true,
    "final_epsilon": 2.3055807354733764,
    "epsilon_history": [
      0.40956640476976214,
      0.5370729764822428,
      0.63861120688514,
      0.7264150188743125,
      0.8052265776872893,
      0.8775222773835745,
      0.9448008439686573,
      1.0080550933053958,
      1.0679847905809927,
      1.1251058437145658,
      1.1798119041745432,
      1.2324117894158728,
      1.2831531203198228,
      1.3322381509088277,
      1.3798346725366069,
      1.426083736147528,
      1.4711053154399556,
      1.5150024480217428,
      1.5578644328718207,
      1.5997692746274355,
      1.6407855780655676,
      1.6809741099589246,
      1.7203889307032039,
      1.7590784806431008,
      1.7970862410803348,
      1.8344515685964182,
      1.871210122684336,
      1.9073943340979524,
      1.9430338961229867,
      1.9781559256472272,
      2.0127854169744626,
      2.046945400408383,
      2.0806571052218055,
      2.11394025115713,
      2.14681312194546,
      2.1792927362177097,
      2.211394945169445,
      2.2431345857024656,
      2.274525523354708,
      2.3055807354733764
    ],
    "delta": 1e-05,
    "noise_multiplier": 1.0,
    "max_grad_norm": 5.0
  },
  "test_metrics": {
    "accuracy": 0.8342102730276878,
    "precision": 0.8187855823947028,
    "recall": 0.8342102730276878,
    "f1_score": 0.8048819670638487,
    "precision_per_class": [
      0.9270024845539896,
      0.46078431372549017,
      0.6047570107179563,
      0.8114186851211073,
      0.4258317025440313
    ],
    "recall_per_class": [
      0.9713620864436457,
      0.015537190082644628,
      0.8513848697809012,
      0.19957446808510637,
      0.2801957249549318
    ],
    "f1_per_class": [
      0.9486640040501771,
      0.030060761112887753,
      0.7071851661086789,
      0.3203551912568306,
      0.3379931655793725
    ],
    "confusion_matrix": [
      [
        42161,
        36,
        722,
        45,
        440
      ],
      [
        864,
        47,
        1507,
        8,
        599
      ],
      [
        947,
        7,
        8238,
        56,
        428
      ],
      [
        198,
        0,
        1683,
        469,
        0
      ],
      [
        1311,
        12,
        1472,
        0,
        1088
      ]
    ],
    "class_names": [
      "W",
      "N1",
      "N2",
      "N3",
      "R"
    ],
    "class_imbalance": {
      "class_distribution": {
        "W": 43404,
        "N1": 3025,
        "N2": 9676,
        "N3": 2350,
        "R": 3883
      },
      "imbalance_ratio": 18.469787234042553,
      "total_samples": 62338,
      "minority_class": "N3",
      "majority_class": "W"
    }
  },
  "timing": {
    "total_time_seconds": 660.546895980835
  },
  "hyperparameters": {
    "batch_size": 128,
    "learning_rate": 0.0005,
    "weight_decay": 0.0001,
    "optimizer": "adamw",
    "scheduler": "cosine",
    "label_smoothing": 0.05,
    "dropout": 0.5,
    "hidden_dims": [
      256,
      128
    ],
    "n_clients": 10,
    "local_epochs": 1,
    "aggregation_method": "fedavg",
    "noise_multiplier": 1.0,
    "max_grad_norm": 5.0,
    "delta": "1e-5"
  },
  "communication": {
    "total_rounds": 40,
    "model_size_bytes": 162836,
    "total_communication_bytes": 65134400
  },
  "model_path": null
}